Order,ID,Rep,SpeciesID,Treatment,SubplotCode,Site,Plot,Subplot,Genera,Species,ACHY,ELEL,ELTR,POSE,SPCR,ACMI,ATCA,LILE,LIPE,ERSP,ERUM,PEST,DEPI,SPCO,SPPA,PHCR,CLLU,PLPA,MACA,MEAL,HEAN,HEVI,PECO,PASM
1,8_1,1,,BLM90.10,1.5.a,1,5,a,10,12,115,9,430,142,500,78,4,4,27,11,1,9,,,,,,,,,,,,
2,8_1,1,,BLM90.10,1.5.b,1,5,b,10,12,115,9,430,142,500,78,4,4,27,11,1,9,,,,,,,,,,,,
3,8_1,1,,BLM90.10,1.5.c,1,5,c,10,12,115,9,430,142,500,78,4,4,27,11,1,9,,,,,,,,,,,,
4,8_1,1,,BLM90.10,1.5.d,1,5,d,10,12,115,9,430,142,500,78,4,4,27,11,1,9,,,,,,,,,,,,
5,8_1,1,,BLM90.10,1.5.e,1,5,e,10,12,115,9,430,142,500,78,4,4,27,11,1,9,,,,,,,,,,,,
6,8_1,1,,BLM90.10,1.5.f,1,5,f,10,12,115,9,430,142,500,78,4,4,27,11,1,9,,,,,,,,,,,,
7,8_1,1,,BLM90.10,1.5.g,1,5,g,10,12,115,9,430,142,500,78,4,4,27,11,1,9,,,,,,,,,,,,
8,8_1,1,,BLM90.10,1.5.h,1,5,h,10,12,115,9,430,142,500,78,4,4,27,11,1,9,,,,,,,,,,,,
9,8_1,1,,BLM90.10,1.5.i,1,5,i,10,12,115,9,430,142,500,78,4,4,27,11,1,9,,,,,,,,,,,,
10,8_1,1,,BLM90.10,1.5.j,1,5,j,10,12,115,9,430,142,500,78,4,4,27,11,1,9,,,,,,,,,,,,
11,8_1,1,,BLM90.10,1.5.k,1,5,k,10,12,115,9,430,142,500,78,4,4,27,11,1,9,,,,,,,,,,,,
12,8_1,1,,BLM90.10,1.5.l,1,5,l,10,12,115,9,430,142,500,78,4,4,27,11,1,9,,,,,,,,,,,,
13,8_1,1,,BLM90.10,1.5.m,1,5,m,10,12,115,9,430,142,500,78,4,4,27,11,1,9,,,,,,,,,,,,
14,8_1,1,,BLM90.10,1.5.n,1,5,n,10,12,115,9,430,142,500,78,4,4,27,11,1,9,,,,,,,,,,,,
15,8_1,1,,BLM90.10,1.5.o,1,5,o,10,12,115,9,430,142,500,78,4,4,27,11,1,9,,,,,,,,,,,,
16,8_1,1,,BLM90.10,1.5.p,1,5,p,10,12,115,9,430,142,500,78,4,4,27,11,1,9,,,,,,,,,,,,
17,8_1,2,,BLM90.10,1.9.a,1,9,a,10,12,115,9,430,142,500,78,4,4,27,11,1,9,,,,,,,,,,,,
18,8_1,2,,BLM90.10,1.9.b,1,9,b,10,12,115,9,430,142,500,78,4,4,27,11,1,9,,,,,,,,,,,,
19,8_1,2,,BLM90.10,1.9.c,1,9,c,10,12,115,9,430,142,500,78,4,4,27,11,1,9,,,,,,,,,,,,
20,8_1,2,,BLM90.10,1.9.d,1,9,d,10,12,115,9,430,142,500,78,4,4,27,11,1,9,,,,,,,,,,,,
21,8_1,2,,BLM90.10,1.9.e,1,9,e,10,12,115,9,430,142,500,78,4,4,27,11,1,9,,,,,,,,,,,,
22,8_1,2,,BLM90.10,1.9.f,1,9,f,10,12,115,9,430,142,500,78,4,4,27,11,1,9,,,,,,,,,,,,
23,8_1,2,,BLM90.10,1.9.g,1,9,g,10,12,115,9,430,142,500,78,4,4,27,11,1,9,,,,,,,,,,,,
24,8_1,2,,BLM90.10,1.9.h,1,9,h,10,12,115,9,430,142,500,78,4,4,27,11,1,9,,,,,,,,,,,,
25,8_1,2,,BLM90.10,1.9.i,1,9,i,10,12,115,9,430,142,500,78,4,4,27,11,1,9,,,,,,,,,,,,
26,8_1,2,,BLM90.10,1.9.j,1,9,j,10,12,115,9,430,142,500,78,4,4,27,11,1,9,,,,,,,,,,,,
27,8_1,2,,BLM90.10,1.9.k,1,9,k,10,12,115,9,430,142,500,78,4,4,27,11,1,9,,,,,,,,,,,,
28,8_1,2,,BLM90.10,1.9.l,1,9,l,10,12,115,9,430,142,500,78,4,4,27,11,1,9,,,,,,,,,,,,
29,8_1,2,,BLM90.10,1.9.m,1,9,m,10,12,115,9,430,142,500,78,4,4,27,11,1,9,,,,,,,,,,,,
30,8_1,2,,BLM90.10,1.9.n,1,9,n,10,12,115,9,430,142,500,78,4,4,27,11,1,9,,,,,,,,,,,,
31,8_1,2,,BLM90.10,1.9.o,1,9,o,10,12,115,9,430,142,500,78,4,4,27,11,1,9,,,,,,,,,,,,
32,8_1,2,,BLM90.10,1.9.p,1,9,p,10,12,115,9,430,142,500,78,4,4,27,11,1,9,,,,,,,,,,,,
33,8_1,3,,BLM90.10,2.5.a,2,5,a,10,12,115,9,430,142,500,78,4,4,27,11,1,9,,,,,,,,,,,,
34,8_1,3,,BLM90.10,2.5.b,2,5,b,10,12,115,9,430,142,500,78,4,4,27,11,1,9,,,,,,,,,,,,
35,8_1,3,,BLM90.10,2.5.c,2,5,c,10,12,115,9,430,142,500,78,4,4,27,11,1,9,,,,,,,,,,,,
36,8_1,3,,BLM90.10,2.5.d,2,5,d,10,12,115,9,430,142,500,78,4,4,27,11,1,9,,,,,,,,,,,,
37,8_1,3,,BLM90.10,2.5.e,2,5,e,10,12,115,9,430,142,500,78,4,4,27,11,1,9,,,,,,,,,,,,
38,8_1,3,,BLM90.10,2.5.f,2,5,f,10,12,115,9,430,142,500,78,4,4,27,11,1,9,,,,,,,,,,,,
39,8_1,3,,BLM90.10,2.5.g,2,5,g,10,12,115,9,430,142,500,78,4,4,27,11,1,9,,,,,,,,,,,,
40,8_1,3,,BLM90.10,2.5.h,2,5,h,10,12,115,9,430,142,500,78,4,4,27,11,1,9,,,,,,,,,,,,
41,8_1,3,,BLM90.10,2.5.i,2,5,i,10,12,115,9,430,142,500,78,4,4,27,11,1,9,,,,,,,,,,,,
42,8_1,3,,BLM90.10,2.5.j,2,5,j,10,12,115,9,430,142,500,78,4,4,27,11,1,9,,,,,,,,,,,,
43,8_1,3,,BLM90.10,2.5.k,2,5,k,10,12,115,9,430,142,500,78,4,4,27,11,1,9,,,,,,,,,,,,
44,8_1,3,,BLM90.10,2.5.l,2,5,l,10,12,115,9,430,142,500,78,4,4,27,11,1,9,,,,,,,,,,,,
45,8_1,3,,BLM90.10,2.5.m,2,5,m,10,12,115,9,430,142,500,78,4,4,27,11,1,9,,,,,,,,,,,,
46,8_1,3,,BLM90.10,2.5.n,2,5,n,10,12,115,9,430,142,500,78,4,4,27,11,1,9,,,,,,,,,,,,
47,8_1,3,,BLM90.10,2.5.o,2,5,o,10,12,115,9,430,142,500,78,4,4,27,11,1,9,,,,,,,,,,,,
48,8_1,3,,BLM90.10,2.5.p,2,5,p,10,12,115,9,430,142,500,78,4,4,27,11,1,9,,,,,,,,,,,,
49,8_1,4,,BLM90.10,2.12.a,2,12,a,10,12,115,9,430,142,500,78,4,4,27,11,1,9,,,,,,,,,,,,
50,8_1,4,,BLM90.10,2.12.b,2,12,b,10,12,115,9,430,142,500,78,4,4,27,11,1,9,,,,,,,,,,,,
51,8_1,4,,BLM90.10,2.12.c,2,12,c,10,12,115,9,430,142,500,78,4,4,27,11,1,9,,,,,,,,,,,,
52,8_1,4,,BLM90.10,2.12.d,2,12,d,10,12,115,9,430,142,500,78,4,4,27,11,1,9,,,,,,,,,,,,
53,8_1,4,,BLM90.10,2.12.e,2,12,e,10,12,115,9,430,142,500,78,4,4,27,11,1,9,,,,,,,,,,,,
54,8_1,4,,BLM90.10,2.12.f,2,12,f,10,12,115,9,430,142,500,78,4,4,27,11,1,9,,,,,,,,,,,,
55,8_1,4,,BLM90.10,2.12.g,2,12,g,10,12,115,9,430,142,500,78,4,4,27,11,1,9,,,,,,,,,,,,
56,8_1,4,,BLM90.10,2.12.h,2,12,h,10,12,115,9,430,142,500,78,4,4,27,11,1,9,,,,,,,,,,,,
57,8_1,4,,BLM90.10,2.12.i,2,12,i,10,12,115,9,430,142,500,78,4,4,27,11,1,9,,,,,,,,,,,,
58,8_1,4,,BLM90.10,2.12.j,2,12,j,10,12,115,9,430,142,500,78,4,4,27,11,1,9,,,,,,,,,,,,
59,8_1,4,,BLM90.10,2.12.k,2,12,k,10,12,115,9,430,142,500,78,4,4,27,11,1,9,,,,,,,,,,,,
60,8_1,4,,BLM90.10,2.12.l,2,12,l,10,12,115,9,430,142,500,78,4,4,27,11,1,9,,,,,,,,,,,,
61,8_1,4,,BLM90.10,2.12.m,2,12,m,10,12,115,9,430,142,500,78,4,4,27,11,1,9,,,,,,,,,,,,
62,8_1,4,,BLM90.10,2.12.n,2,12,n,10,12,115,9,430,142,500,78,4,4,27,11,1,9,,,,,,,,,,,,
63,8_1,4,,BLM90.10,2.12.o,2,12,o,10,12,115,9,430,142,500,78,4,4,27,11,1,9,,,,,,,,,,,,
64,8_1,4,,BLM90.10,2.12.p,2,12,p,10,12,115,9,430,142,500,78,4,4,27,11,1,9,,,,,,,,,,,,
65,8_1,5,,BLM90.10,2.13.a,2,13,a,10,12,115,9,430,142,500,78,4,4,27,11,1,9,,,,,,,,,,,,
66,8_1,5,,BLM90.10,2.13.b,2,13,b,10,12,115,9,430,142,500,78,4,4,27,11,1,9,,,,,,,,,,,,
67,8_1,5,,BLM90.10,2.13.c,2,13,c,10,12,115,9,430,142,500,78,4,4,27,11,1,9,,,,,,,,,,,,
68,8_1,5,,BLM90.10,2.13.d,2,13,d,10,12,115,9,430,142,500,78,4,4,27,11,1,9,,,,,,,,,,,,
69,8_1,5,,BLM90.10,2.13.e,2,13,e,10,12,115,9,430,142,500,78,4,4,27,11,1,9,,,,,,,,,,,,
70,8_1,5,,BLM90.10,2.13.f,2,13,f,10,12,115,9,430,142,500,78,4,4,27,11,1,9,,,,,,,,,,,,
71,8_1,5,,BLM90.10,2.13.g,2,13,g,10,12,115,9,430,142,500,78,4,4,27,11,1,9,,,,,,,,,,,,
72,8_1,5,,BLM90.10,2.13.h,2,13,h,10,12,115,9,430,142,500,78,4,4,27,11,1,9,,,,,,,,,,,,
73,8_1,5,,BLM90.10,2.13.i,2,13,i,10,12,115,9,430,142,500,78,4,4,27,11,1,9,,,,,,,,,,,,
74,8_1,5,,BLM90.10,2.13.j,2,13,j,10,12,115,9,430,142,500,78,4,4,27,11,1,9,,,,,,,,,,,,
75,8_1,5,,BLM90.10,2.13.k,2,13,k,10,12,115,9,430,142,500,78,4,4,27,11,1,9,,,,,,,,,,,,
76,8_1,5,,BLM90.10,2.13.l,2,13,l,10,12,115,9,430,142,500,78,4,4,27,11,1,9,,,,,,,,,,,,
77,8_1,5,,BLM90.10,2.13.m,2,13,m,10,12,115,9,430,142,500,78,4,4,27,11,1,9,,,,,,,,,,,,
78,8_1,5,,BLM90.10,2.13.n,2,13,n,10,12,115,9,430,142,500,78,4,4,27,11,1,9,,,,,,,,,,,,
79,8_1,5,,BLM90.10,2.13.o,2,13,o,10,12,115,9,430,142,500,78,4,4,27,11,1,9,,,,,,,,,,,,
80,8_1,5,,BLM90.10,2.13.p,2,13,p,10,12,115,9,430,142,500,78,4,4,27,11,1,9,,,,,,,,,,,,
81,8_1,6,,BLM90.10,3.6.a,3,6,a,10,12,115,9,430,142,500,78,4,4,27,11,1,9,,,,,,,,,,,,
82,8_1,6,,BLM90.10,3.6.b,3,6,b,10,12,115,9,430,142,500,78,4,4,27,11,1,9,,,,,,,,,,,,
83,8_1,6,,BLM90.10,3.6.c,3,6,c,10,12,115,9,430,142,500,78,4,4,27,11,1,9,,,,,,,,,,,,
84,8_1,6,,BLM90.10,3.6.d,3,6,d,10,12,115,9,430,142,500,78,4,4,27,11,1,9,,,,,,,,,,,,
85,8_1,6,,BLM90.10,3.6.e,3,6,e,10,12,115,9,430,142,500,78,4,4,27,11,1,9,,,,,,,,,,,,
86,8_1,6,,BLM90.10,3.6.f,3,6,f,10,12,115,9,430,142,500,78,4,4,27,11,1,9,,,,,,,,,,,,
87,8_1,6,,BLM90.10,3.6.g,3,6,g,10,12,115,9,430,142,500,78,4,4,27,11,1,9,,,,,,,,,,,,
88,8_1,6,,BLM90.10,3.6.h,3,6,h,10,12,115,9,430,142,500,78,4,4,27,11,1,9,,,,,,,,,,,,
89,8_1,6,,BLM90.10,3.6.i,3,6,i,10,12,115,9,430,142,500,78,4,4,27,11,1,9,,,,,,,,,,,,
90,8_1,6,,BLM90.10,3.6.j,3,6,j,10,12,115,9,430,142,500,78,4,4,27,11,1,9,,,,,,,,,,,,
91,8_1,6,,BLM90.10,3.6.k,3,6,k,10,12,115,9,430,142,500,78,4,4,27,11,1,9,,,,,,,,,,,,
92,8_1,6,,BLM90.10,3.6.l,3,6,l,10,12,115,9,430,142,500,78,4,4,27,11,1,9,,,,,,,,,,,,
93,8_1,6,,BLM90.10,3.6.m,3,6,m,10,12,115,9,430,142,500,78,4,4,27,11,1,9,,,,,,,,,,,,
94,8_1,6,,BLM90.10,3.6.n,3,6,n,10,12,115,9,430,142,500,78,4,4,27,11,1,9,,,,,,,,,,,,
95,8_1,6,,BLM90.10,3.6.o,3,6,o,10,12,115,9,430,142,500,78,4,4,27,11,1,9,,,,,,,,,,,,
96,8_1,6,,BLM90.10,3.6.p,3,6,p,10,12,115,9,430,142,500,78,4,4,27,11,1,9,,,,,,,,,,,,
97,8_1,7,,BLM90.10,3.8.a,3,8,a,10,12,115,9,430,142,500,78,4,4,27,11,1,9,,,,,,,,,,,,
98,8_1,7,,BLM90.10,3.8.b,3,8,b,10,12,115,9,430,142,500,78,4,4,27,11,1,9,,,,,,,,,,,,
99,8_1,7,,BLM90.10,3.8.c,3,8,c,10,12,115,9,430,142,500,78,4,4,27,11,1,9,,,,,,,,,,,,
100,8_1,7,,BLM90.10,3.8.d,3,8,d,10,12,115,9,430,142,500,78,4,4,27,11,1,9,,,,,,,,,,,,
101,8_1,7,,BLM90.10,3.8.e,3,8,e,10,12,115,9,430,142,500,78,4,4,27,11,1,9,,,,,,,,,,,,
102,8_1,7,,BLM90.10,3.8.f,3,8,f,10,12,115,9,430,142,500,78,4,4,27,11,1,9,,,,,,,,,,,,
103,8_1,7,,BLM90.10,3.8.g,3,8,g,10,12,115,9,430,142,500,78,4,4,27,11,1,9,,,,,,,,,,,,
104,8_1,7,,BLM90.10,3.8.h,3,8,h,10,12,115,9,430,142,500,78,4,4,27,11,1,9,,,,,,,,,,,,
105,8_1,7,,BLM90.10,3.8.i,3,8,i,10,12,115,9,430,142,500,78,4,4,27,11,1,9,,,,,,,,,,,,
106,8_1,7,,BLM90.10,3.8.j,3,8,j,10,12,115,9,430,142,500,78,4,4,27,11,1,9,,,,,,,,,,,,
107,8_1,7,,BLM90.10,3.8.k,3,8,k,10,12,115,9,430,142,500,78,4,4,27,11,1,9,,,,,,,,,,,,
108,8_1,7,,BLM90.10,3.8.l,3,8,l,10,12,115,9,430,142,500,78,4,4,27,11,1,9,,,,,,,,,,,,
109,8_1,7,,BLM90.10,3.8.m,3,8,m,10,12,115,9,430,142,500,78,4,4,27,11,1,9,,,,,,,,,,,,
110,8_1,7,,BLM90.10,3.8.n,3,8,n,10,12,115,9,430,142,500,78,4,4,27,11,1,9,,,,,,,,,,,,
111,8_1,7,,BLM90.10,3.8.o,3,8,o,10,12,115,9,430,142,500,78,4,4,27,11,1,9,,,,,,,,,,,,
112,8_1,7,,BLM90.10,3.8.p,3,8,p,10,12,115,9,430,142,500,78,4,4,27,11,1,9,,,,,,,,,,,,
113,8_1,8,,BLM90.10,3.10.a,3,10,a,10,12,115,9,430,142,500,78,4,4,27,11,1,9,,,,,,,,,,,,
114,8_1,8,,BLM90.10,3.10.b,3,10,b,10,12,115,9,430,142,500,78,4,4,27,11,1,9,,,,,,,,,,,,
115,8_1,8,,BLM90.10,3.10.c,3,10,c,10,12,115,9,430,142,500,78,4,4,27,11,1,9,,,,,,,,,,,,
116,8_1,8,,BLM90.10,3.10.d,3,10,d,10,12,115,9,430,142,500,78,4,4,27,11,1,9,,,,,,,,,,,,
117,8_1,8,,BLM90.10,3.10.e,3,10,e,10,12,115,9,430,142,500,78,4,4,27,11,1,9,,,,,,,,,,,,
118,8_1,8,,BLM90.10,3.10.f,3,10,f,10,12,115,9,430,142,500,78,4,4,27,11,1,9,,,,,,,,,,,,
119,8_1,8,,BLM90.10,3.10.g,3,10,g,10,12,115,9,430,142,500,78,4,4,27,11,1,9,,,,,,,,,,,,
120,8_1,8,,BLM90.10,3.10.h,3,10,h,10,12,115,9,430,142,500,78,4,4,27,11,1,9,,,,,,,,,,,,
121,8_1,8,,BLM90.10,3.10.i,3,10,i,10,12,115,9,430,142,500,78,4,4,27,11,1,9,,,,,,,,,,,,
122,8_1,8,,BLM90.10,3.10.j,3,10,j,10,12,115,9,430,142,500,78,4,4,27,11,1,9,,,,,,,,,,,,
123,8_1,8,,BLM90.10,3.10.k,3,10,k,10,12,115,9,430,142,500,78,4,4,27,11,1,9,,,,,,,,,,,,
124,8_1,8,,BLM90.10,3.10.l,3,10,l,10,12,115,9,430,142,500,78,4,4,27,11,1,9,,,,,,,,,,,,
125,8_1,8,,BLM90.10,3.10.m,3,10,m,10,12,115,9,430,142,500,78,4,4,27,11,1,9,,,,,,,,,,,,
126,8_1,8,,BLM90.10,3.10.n,3,10,n,10,12,115,9,430,142,500,78,4,4,27,11,1,9,,,,,,,,,,,,
127,8_1,8,,BLM90.10,3.10.o,3,10,o,10,12,115,9,430,142,500,78,4,4,27,11,1,9,,,,,,,,,,,,
128,8_1,8,,BLM90.10,3.10.p,3,10,p,10,12,115,9,430,142,500,78,4,4,27,11,1,9,,,,,,,,,,,,
129,8_2,1,,BLMNW66.33,1.4.a,1,4,a,20,23,98,7,365,121,425,34,4,2,12,24,20,4,117,27,384,140,445,53,23,21,31,44,40,
130,8_2,1,,BLMNW66.33,1.4.b,1,4,b,20,23,98,7,365,121,425,34,4,2,12,24,20,4,117,27,384,140,445,53,23,21,31,44,40,
131,8_2,1,,BLMNW66.33,1.4.c,1,4,c,20,23,98,7,365,121,425,34,4,2,12,24,20,4,117,27,384,140,445,53,23,21,31,44,40,
132,8_2,1,,BLMNW66.33,1.4.d,1,4,d,20,23,98,7,365,121,425,34,4,2,12,24,20,4,117,27,384,140,445,53,23,21,31,44,40,
133,8_2,1,,BLMNW66.33,1.4.e,1,4,e,20,23,98,7,365,121,425,34,4,2,12,24,20,4,117,27,384,140,445,53,23,21,31,44,40,
134,8_2,1,,BLMNW66.33,1.4.f,1,4,f,20,23,98,7,365,121,425,34,4,2,12,24,20,4,117,27,384,140,445,53,23,21,31,44,40,
135,8_2,1,,BLMNW66.33,1.4.g,1,4,g,20,23,98,7,365,121,425,34,4,2,12,24,20,4,117,27,384,140,445,53,23,21,31,44,40,
136,8_2,1,,BLMNW66.33,1.4.h,1,4,h,20,23,98,7,365,121,425,34,4,2,12,24,20,4,117,27,384,140,445,53,23,21,31,44,40,
137,8_2,1,,BLMNW66.33,1.4.i,1,4,i,20,23,98,7,365,121,425,34,4,2,12,24,20,4,117,27,384,140,445,53,23,21,31,44,40,
138,8_2,1,,BLMNW66.33,1.4.j,1,4,j,20,23,98,7,365,121,425,34,4,2,12,24,20,4,117,27,384,140,445,53,23,21,31,44,40,
139,8_2,1,,BLMNW66.33,1.4.k,1,4,k,20,23,98,7,365,121,425,34,4,2,12,24,20,4,117,27,384,140,445,53,23,21,31,44,40,
140,8_2,1,,BLMNW66.33,1.4.l,1,4,l,20,23,98,7,365,121,425,34,4,2,12,24,20,4,117,27,384,140,445,53,23,21,31,44,40,
141,8_2,1,,BLMNW66.33,1.4.m,1,4,m,20,23,98,7,365,121,425,34,4,2,12,24,20,4,117,27,384,140,445,53,23,21,31,44,40,
142,8_2,1,,BLMNW66.33,1.4.n,1,4,n,20,23,98,7,365,121,425,34,4,2,12,24,20,4,117,27,384,140,445,53,23,21,31,44,40,
143,8_2,1,,BLMNW66.33,1.4.o,1,4,o,20,23,98,7,365,121,425,34,4,2,12,24,20,4,117,27,384,140,445,53,23,21,31,44,40,
144,8_2,1,,BLMNW66.33,1.4.p,1,4,p,20,23,98,7,365,121,425,34,4,2,12,24,20,4,117,27,384,140,445,53,23,21,31,44,40,
145,8_2,2,,BLMNW66.33,1.12.a,1,12,a,20,23,98,7,365,121,425,34,4,2,12,24,20,4,117,27,384,140,445,53,23,21,31,44,40,
146,8_2,2,,BLMNW66.33,1.12.b,1,12,b,20,23,98,7,365,121,425,34,4,2,12,24,20,4,117,27,384,140,445,53,23,21,31,44,40,
147,8_2,2,,BLMNW66.33,1.12.c,1,12,c,20,23,98,7,365,121,425,34,4,2,12,24,20,4,117,27,384,140,445,53,23,21,31,44,40,
148,8_2,2,,BLMNW66.33,1.12.d,1,12,d,20,23,98,7,365,121,425,34,4,2,12,24,20,4,117,27,384,140,445,53,23,21,31,44,40,
149,8_2,2,,BLMNW66.33,1.12.e,1,12,e,20,23,98,7,365,121,425,34,4,2,12,24,20,4,117,27,384,140,445,53,23,21,31,44,40,
150,8_2,2,,BLMNW66.33,1.12.f,1,12,f,20,23,98,7,365,121,425,34,4,2,12,24,20,4,117,27,384,140,445,53,23,21,31,44,40,
151,8_2,2,,BLMNW66.33,1.12.g,1,12,g,20,23,98,7,365,121,425,34,4,2,12,24,20,4,117,27,384,140,445,53,23,21,31,44,40,
152,8_2,2,,BLMNW66.33,1.12.h,1,12,h,20,23,98,7,365,121,425,34,4,2,12,24,20,4,117,27,384,140,445,53,23,21,31,44,40,
153,8_2,2,,BLMNW66.33,1.12.i,1,12,i,20,23,98,7,365,121,425,34,4,2,12,24,20,4,117,27,384,140,445,53,23,21,31,44,40,
154,8_2,2,,BLMNW66.33,1.12.j,1,12,j,20,23,98,7,365,121,425,34,4,2,12,24,20,4,117,27,384,140,445,53,23,21,31,44,40,
155,8_2,2,,BLMNW66.33,1.12.k,1,12,k,20,23,98,7,365,121,425,34,4,2,12,24,20,4,117,27,384,140,445,53,23,21,31,44,40,
156,8_2,2,,BLMNW66.33,1.12.l,1,12,l,20,23,98,7,365,121,425,34,4,2,12,24,20,4,117,27,384,140,445,53,23,21,31,44,40,
157,8_2,2,,BLMNW66.33,1.12.m,1,12,m,20,23,98,7,365,121,425,34,4,2,12,24,20,4,117,27,384,140,445,53,23,21,31,44,40,
158,8_2,2,,BLMNW66.33,1.12.n,1,12,n,20,23,98,7,365,121,425,34,4,2,12,24,20,4,117,27,384,140,445,53,23,21,31,44,40,
159,8_2,2,,BLMNW66.33,1.12.o,1,12,o,20,23,98,7,365,121,425,34,4,2,12,24,20,4,117,27,384,140,445,53,23,21,31,44,40,
160,8_2,2,,BLMNW66.33,1.12.p,1,12,p,20,23,98,7,365,121,425,34,4,2,12,24,20,4,117,27,384,140,445,53,23,21,31,44,40,
161,8_2,3,,BLMNW66.33,1.14.a,1,14,a,20,23,98,7,365,121,425,34,4,2,12,24,20,4,117,27,384,140,445,53,23,21,31,44,40,
162,8_2,3,,BLMNW66.33,1.14.b,1,14,b,20,23,98,7,365,121,425,34,4,2,12,24,20,4,117,27,384,140,445,53,23,21,31,44,40,
163,8_2,3,,BLMNW66.33,1.14.c,1,14,c,20,23,98,7,365,121,425,34,4,2,12,24,20,4,117,27,384,140,445,53,23,21,31,44,40,
164,8_2,3,,BLMNW66.33,1.14.d,1,14,d,20,23,98,7,365,121,425,34,4,2,12,24,20,4,117,27,384,140,445,53,23,21,31,44,40,
165,8_2,3,,BLMNW66.33,1.14.e,1,14,e,20,23,98,7,365,121,425,34,4,2,12,24,20,4,117,27,384,140,445,53,23,21,31,44,40,
166,8_2,3,,BLMNW66.33,1.14.f,1,14,f,20,23,98,7,365,121,425,34,4,2,12,24,20,4,117,27,384,140,445,53,23,21,31,44,40,
167,8_2,3,,BLMNW66.33,1.14.g,1,14,g,20,23,98,7,365,121,425,34,4,2,12,24,20,4,117,27,384,140,445,53,23,21,31,44,40,
168,8_2,3,,BLMNW66.33,1.14.h,1,14,h,20,23,98,7,365,121,425,34,4,2,12,24,20,4,117,27,384,140,445,53,23,21,31,44,40,
169,8_2,3,,BLMNW66.33,1.14.i,1,14,i,20,23,98,7,365,121,425,34,4,2,12,24,20,4,117,27,384,140,445,53,23,21,31,44,40,
170,8_2,3,,BLMNW66.33,1.14.j,1,14,j,20,23,98,7,365,121,425,34,4,2,12,24,20,4,117,27,384,140,445,53,23,21,31,44,40,
171,8_2,3,,BLMNW66.33,1.14.k,1,14,k,20,23,98,7,365,121,425,34,4,2,12,24,20,4,117,27,384,140,445,53,23,21,31,44,40,
172,8_2,3,,BLMNW66.33,1.14.l,1,14,l,20,23,98,7,365,121,425,34,4,2,12,24,20,4,117,27,384,140,445,53,23,21,31,44,40,
173,8_2,3,,BLMNW66.33,1.14.m,1,14,m,20,23,98,7,365,121,425,34,4,2,12,24,20,4,117,27,384,140,445,53,23,21,31,44,40,
174,8_2,3,,BLMNW66.33,1.14.n,1,14,n,20,23,98,7,365,121,425,34,4,2,12,24,20,4,117,27,384,140,445,53,23,21,31,44,40,
175,8_2,3,,BLMNW66.33,1.14.o,1,14,o,20,23,98,7,365,121,425,34,4,2,12,24,20,4,117,27,384,140,445,53,23,21,31,44,40,
176,8_2,3,,BLMNW66.33,1.14.p,1,14,p,20,23,98,7,365,121,425,34,4,2,12,24,20,4,117,27,384,140,445,53,23,21,31,44,40,
177,8_2,4,,BLMNW66.33,2.6.a,2,6,a,20,23,98,7,365,121,425,34,4,2,12,24,20,4,117,27,384,140,445,53,23,21,31,44,40,
178,8_2,4,,BLMNW66.33,2.6.b,2,6,b,20,23,98,7,365,121,425,34,4,2,12,24,20,4,117,27,384,140,445,53,23,21,31,44,40,
179,8_2,4,,BLMNW66.33,2.6.c,2,6,c,20,23,98,7,365,121,425,34,4,2,12,24,20,4,117,27,384,140,445,53,23,21,31,44,40,
180,8_2,4,,BLMNW66.33,2.6.d,2,6,d,20,23,98,7,365,121,425,34,4,2,12,24,20,4,117,27,384,140,445,53,23,21,31,44,40,
181,8_2,4,,BLMNW66.33,2.6.e,2,6,e,20,23,98,7,365,121,425,34,4,2,12,24,20,4,117,27,384,140,445,53,23,21,31,44,40,
182,8_2,4,,BLMNW66.33,2.6.f,2,6,f,20,23,98,7,365,121,425,34,4,2,12,24,20,4,117,27,384,140,445,53,23,21,31,44,40,
183,8_2,4,,BLMNW66.33,2.6.g,2,6,g,20,23,98,7,365,121,425,34,4,2,12,24,20,4,117,27,384,140,445,53,23,21,31,44,40,
184,8_2,4,,BLMNW66.33,2.6.h,2,6,h,20,23,98,7,365,121,425,34,4,2,12,24,20,4,117,27,384,140,445,53,23,21,31,44,40,
185,8_2,4,,BLMNW66.33,2.6.i,2,6,i,20,23,98,7,365,121,425,34,4,2,12,24,20,4,117,27,384,140,445,53,23,21,31,44,40,
186,8_2,4,,BLMNW66.33,2.6.j,2,6,j,20,23,98,7,365,121,425,34,4,2,12,24,20,4,117,27,384,140,445,53,23,21,31,44,40,
187,8_2,4,,BLMNW66.33,2.6.k,2,6,k,20,23,98,7,365,121,425,34,4,2,12,24,20,4,117,27,384,140,445,53,23,21,31,44,40,
188,8_2,4,,BLMNW66.33,2.6.l,2,6,l,20,23,98,7,365,121,425,34,4,2,12,24,20,4,117,27,384,140,445,53,23,21,31,44,40,
189,8_2,4,,BLMNW66.33,2.6.m,2,6,m,20,23,98,7,365,121,425,34,4,2,12,24,20,4,117,27,384,140,445,53,23,21,31,44,40,
190,8_2,4,,BLMNW66.33,2.6.n,2,6,n,20,23,98,7,365,121,425,34,4,2,12,24,20,4,117,27,384,140,445,53,23,21,31,44,40,
191,8_2,4,,BLMNW66.33,2.6.o,2,6,o,20,23,98,7,365,121,425,34,4,2,12,24,20,4,117,27,384,140,445,53,23,21,31,44,40,
192,8_2,4,,BLMNW66.33,2.6.p,2,6,p,20,23,98,7,365,121,425,34,4,2,12,24,20,4,117,27,384,140,445,53,23,21,31,44,40,
193,8_2,5,,BLMNW66.33,2.7.a,2,7,a,20,23,98,7,365,121,425,34,4,2,12,24,20,4,117,27,384,140,445,53,23,21,31,44,40,
194,8_2,5,,BLMNW66.33,2.7.b,2,7,b,20,23,98,7,365,121,425,34,4,2,12,24,20,4,117,27,384,140,445,53,23,21,31,44,40,
195,8_2,5,,BLMNW66.33,2.7.c,2,7,c,20,23,98,7,365,121,425,34,4,2,12,24,20,4,117,27,384,140,445,53,23,21,31,44,40,
196,8_2,5,,BLMNW66.33,2.7.d,2,7,d,20,23,98,7,365,121,425,34,4,2,12,24,20,4,117,27,384,140,445,53,23,21,31,44,40,
197,8_2,5,,BLMNW66.33,2.7.e,2,7,e,20,23,98,7,365,121,425,34,4,2,12,24,20,4,117,27,384,140,445,53,23,21,31,44,40,
198,8_2,5,,BLMNW66.33,2.7.f,2,7,f,20,23,98,7,365,121,425,34,4,2,12,24,20,4,117,27,384,140,445,53,23,21,31,44,40,
199,8_2,5,,BLMNW66.33,2.7.g,2,7,g,20,23,98,7,365,121,425,34,4,2,12,24,20,4,117,27,384,140,445,53,23,21,31,44,40,
200,8_2,5,,BLMNW66.33,2.7.h,2,7,h,20,23,98,7,365,121,425,34,4,2,12,24,20,4,117,27,384,140,445,53,23,21,31,44,40,
201,8_2,5,,BLMNW66.33,2.7.i,2,7,i,20,23,98,7,365,121,425,34,4,2,12,24,20,4,117,27,384,140,445,53,23,21,31,44,40,
202,8_2,5,,BLMNW66.33,2.7.j,2,7,j,20,23,98,7,365,121,425,34,4,2,12,24,20,4,117,27,384,140,445,53,23,21,31,44,40,
203,8_2,5,,BLMNW66.33,2.7.k,2,7,k,20,23,98,7,365,121,425,34,4,2,12,24,20,4,117,27,384,140,445,53,23,21,31,44,40,
204,8_2,5,,BLMNW66.33,2.7.l,2,7,l,20,23,98,7,365,121,425,34,4,2,12,24,20,4,117,27,384,140,445,53,23,21,31,44,40,
205,8_2,5,,BLMNW66.33,2.7.m,2,7,m,20,23,98,7,365,121,425,34,4,2,12,24,20,4,117,27,384,140,445,53,23,21,31,44,40,
206,8_2,5,,BLMNW66.33,2.7.n,2,7,n,20,23,98,7,365,121,425,34,4,2,12,24,20,4,117,27,384,140,445,53,23,21,31,44,40,
207,8_2,5,,BLMNW66.33,2.7.o,2,7,o,20,23,98,7,365,121,425,34,4,2,12,24,20,4,117,27,384,140,445,53,23,21,31,44,40,
208,8_2,5,,BLMNW66.33,2.7.p,2,7,p,20,23,98,7,365,121,425,34,4,2,12,24,20,4,117,27,384,140,445,53,23,21,31,44,40,
209,8_2,6,,BLMNW66.33,2.14.a,2,14,a,20,23,98,7,365,121,425,34,4,2,12,24,20,4,117,27,384,140,445,53,23,21,31,44,40,
210,8_2,6,,BLMNW66.33,2.14.b,2,14,b,20,23,98,7,365,121,425,34,4,2,12,24,20,4,117,27,384,140,445,53,23,21,31,44,40,
211,8_2,6,,BLMNW66.33,2.14.c,2,14,c,20,23,98,7,365,121,425,34,4,2,12,24,20,4,117,27,384,140,445,53,23,21,31,44,40,
212,8_2,6,,BLMNW66.33,2.14.d,2,14,d,20,23,98,7,365,121,425,34,4,2,12,24,20,4,117,27,384,140,445,53,23,21,31,44,40,
213,8_2,6,,BLMNW66.33,2.14.e,2,14,e,20,23,98,7,365,121,425,34,4,2,12,24,20,4,117,27,384,140,445,53,23,21,31,44,40,
214,8_2,6,,BLMNW66.33,2.14.f,2,14,f,20,23,98,7,365,121,425,34,4,2,12,24,20,4,117,27,384,140,445,53,23,21,31,44,40,
215,8_2,6,,BLMNW66.33,2.14.g,2,14,g,20,23,98,7,365,121,425,34,4,2,12,24,20,4,117,27,384,140,445,53,23,21,31,44,40,
216,8_2,6,,BLMNW66.33,2.14.h,2,14,h,20,23,98,7,365,121,425,34,4,2,12,24,20,4,117,27,384,140,445,53,23,21,31,44,40,
217,8_2,6,,BLMNW66.33,2.14.i,2,14,i,20,23,98,7,365,121,425,34,4,2,12,24,20,4,117,27,384,140,445,53,23,21,31,44,40,
218,8_2,6,,BLMNW66.33,2.14.j,2,14,j,20,23,98,7,365,121,425,34,4,2,12,24,20,4,117,27,384,140,445,53,23,21,31,44,40,
219,8_2,6,,BLMNW66.33,2.14.k,2,14,k,20,23,98,7,365,121,425,34,4,2,12,24,20,4,117,27,384,140,445,53,23,21,31,44,40,
220,8_2,6,,BLMNW66.33,2.14.l,2,14,l,20,23,98,7,365,121,425,34,4,2,12,24,20,4,117,27,384,140,445,53,23,21,31,44,40,
221,8_2,6,,BLMNW66.33,2.14.m,2,14,m,20,23,98,7,365,121,425,34,4,2,12,24,20,4,117,27,384,140,445,53,23,21,31,44,40,
222,8_2,6,,BLMNW66.33,2.14.n,2,14,n,20,23,98,7,365,121,425,34,4,2,12,24,20,4,117,27,384,140,445,53,23,21,31,44,40,
223,8_2,6,,BLMNW66.33,2.14.o,2,14,o,20,23,98,7,365,121,425,34,4,2,12,24,20,4,117,27,384,140,445,53,23,21,31,44,40,
224,8_2,6,,BLMNW66.33,2.14.p,2,14,p,20,23,98,7,365,121,425,34,4,2,12,24,20,4,117,27,384,140,445,53,23,21,31,44,40,
225,8_2,7,,BLMNW66.33,3.7.a,3,7,a,20,23,98,7,365,121,425,34,4,2,12,24,20,4,117,27,384,140,445,53,23,21,31,44,40,
226,8_2,7,,BLMNW66.33,3.7.b,3,7,b,20,23,98,7,365,121,425,34,4,2,12,24,20,4,117,27,384,140,445,53,23,21,31,44,40,
227,8_2,7,,BLMNW66.33,3.7.c,3,7,c,20,23,98,7,365,121,425,34,4,2,12,24,20,4,117,27,384,140,445,53,23,21,31,44,40,
228,8_2,7,,BLMNW66.33,3.7.d,3,7,d,20,23,98,7,365,121,425,34,4,2,12,24,20,4,117,27,384,140,445,53,23,21,31,44,40,
229,8_2,7,,BLMNW66.33,3.7.e,3,7,e,20,23,98,7,365,121,425,34,4,2,12,24,20,4,117,27,384,140,445,53,23,21,31,44,40,
230,8_2,7,,BLMNW66.33,3.7.f,3,7,f,20,23,98,7,365,121,425,34,4,2,12,24,20,4,117,27,384,140,445,53,23,21,31,44,40,
231,8_2,7,,BLMNW66.33,3.7.g,3,7,g,20,23,98,7,365,121,425,34,4,2,12,24,20,4,117,27,384,140,445,53,23,21,31,44,40,
232,8_2,7,,BLMNW66.33,3.7.h,3,7,h,20,23,98,7,365,121,425,34,4,2,12,24,20,4,117,27,384,140,445,53,23,21,31,44,40,
233,8_2,7,,BLMNW66.33,3.7.i,3,7,i,20,23,98,7,365,121,425,34,4,2,12,24,20,4,117,27,384,140,445,53,23,21,31,44,40,
234,8_2,7,,BLMNW66.33,3.7.j,3,7,j,20,23,98,7,365,121,425,34,4,2,12,24,20,4,117,27,384,140,445,53,23,21,31,44,40,
235,8_2,7,,BLMNW66.33,3.7.k,3,7,k,20,23,98,7,365,121,425,34,4,2,12,24,20,4,117,27,384,140,445,53,23,21,31,44,40,
236,8_2,7,,BLMNW66.33,3.7.l,3,7,l,20,23,98,7,365,121,425,34,4,2,12,24,20,4,117,27,384,140,445,53,23,21,31,44,40,
237,8_2,7,,BLMNW66.33,3.7.m,3,7,m,20,23,98,7,365,121,425,34,4,2,12,24,20,4,117,27,384,140,445,53,23,21,31,44,40,
238,8_2,7,,BLMNW66.33,3.7.n,3,7,n,20,23,98,7,365,121,425,34,4,2,12,24,20,4,117,27,384,140,445,53,23,21,31,44,40,
239,8_2,7,,BLMNW66.33,3.7.o,3,7,o,20,23,98,7,365,121,425,34,4,2,12,24,20,4,117,27,384,140,445,53,23,21,31,44,40,
240,8_2,7,,BLMNW66.33,3.7.p,3,7,p,20,23,98,7,365,121,425,34,4,2,12,24,20,4,117,27,384,140,445,53,23,21,31,44,40,
241,8_2,8,,BLMNW66.33,3.14.a,3,14,a,20,23,98,7,365,121,425,34,4,2,12,24,20,4,117,27,384,140,445,53,23,21,31,44,40,
242,8_2,8,,BLMNW66.33,3.14.b,3,14,b,20,23,98,7,365,121,425,34,4,2,12,24,20,4,117,27,384,140,445,53,23,21,31,44,40,
243,8_2,8,,BLMNW66.33,3.14.c,3,14,c,20,23,98,7,365,121,425,34,4,2,12,24,20,4,117,27,384,140,445,53,23,21,31,44,40,
244,8_2,8,,BLMNW66.33,3.14.d,3,14,d,20,23,98,7,365,121,425,34,4,2,12,24,20,4,117,27,384,140,445,53,23,21,31,44,40,
245,8_2,8,,BLMNW66.33,3.14.e,3,14,e,20,23,98,7,365,121,425,34,4,2,12,24,20,4,117,27,384,140,445,53,23,21,31,44,40,
246,8_2,8,,BLMNW66.33,3.14.f,3,14,f,20,23,98,7,365,121,425,34,4,2,12,24,20,4,117,27,384,140,445,53,23,21,31,44,40,
247,8_2,8,,BLMNW66.33,3.14.g,3,14,g,20,23,98,7,365,121,425,34,4,2,12,24,20,4,117,27,384,140,445,53,23,21,31,44,40,
248,8_2,8,,BLMNW66.33,3.14.h,3,14,h,20,23,98,7,365,121,425,34,4,2,12,24,20,4,117,27,384,140,445,53,23,21,31,44,40,
249,8_2,8,,BLMNW66.33,3.14.i,3,14,i,20,23,98,7,365,121,425,34,4,2,12,24,20,4,117,27,384,140,445,53,23,21,31,44,40,
250,8_2,8,,BLMNW66.33,3.14.j,3,14,j,20,23,98,7,365,121,425,34,4,2,12,24,20,4,117,27,384,140,445,53,23,21,31,44,40,
251,8_2,8,,BLMNW66.33,3.14.k,3,14,k,20,23,98,7,365,121,425,34,4,2,12,24,20,4,117,27,384,140,445,53,23,21,31,44,40,
252,8_2,8,,BLMNW66.33,3.14.l,3,14,l,20,23,98,7,365,121,425,34,4,2,12,24,20,4,117,27,384,140,445,53,23,21,31,44,40,
253,8_2,8,,BLMNW66.33,3.14.m,3,14,m,20,23,98,7,365,121,425,34,4,2,12,24,20,4,117,27,384,140,445,53,23,21,31,44,40,
254,8_2,8,,BLMNW66.33,3.14.n,3,14,n,20,23,98,7,365,121,425,34,4,2,12,24,20,4,117,27,384,140,445,53,23,21,31,44,40,
255,8_2,8,,BLMNW66.33,3.14.o,3,14,o,20,23,98,7,365,121,425,34,4,2,12,24,20,4,117,27,384,140,445,53,23,21,31,44,40,
256,8_2,8,,BLMNW66.33,3.14.p,3,14,p,20,23,98,7,365,121,425,34,4,2,12,24,20,4,117,27,384,140,445,53,23,21,31,44,40,
257,8_2,9,,BLMNW66.33,3.18.a,3,18,a,20,23,98,7,365,121,425,34,4,2,12,24,20,4,117,27,384,140,445,53,23,21,31,44,40,
258,8_2,9,,BLMNW66.33,3.18.b,3,18,b,20,23,98,7,365,121,425,34,4,2,12,24,20,4,117,27,384,140,445,53,23,21,31,44,40,
259,8_2,9,,BLMNW66.33,3.18.c,3,18,c,20,23,98,7,365,121,425,34,4,2,12,24,20,4,117,27,384,140,445,53,23,21,31,44,40,
260,8_2,9,,BLMNW66.33,3.18.d,3,18,d,20,23,98,7,365,121,425,34,4,2,12,24,20,4,117,27,384,140,445,53,23,21,31,44,40,
261,8_2,9,,BLMNW66.33,3.18.e,3,18,e,20,23,98,7,365,121,425,34,4,2,12,24,20,4,117,27,384,140,445,53,23,21,31,44,40,
262,8_2,9,,BLMNW66.33,3.18.f,3,18,f,20,23,98,7,365,121,425,34,4,2,12,24,20,4,117,27,384,140,445,53,23,21,31,44,40,
263,8_2,9,,BLMNW66.33,3.18.g,3,18,g,20,23,98,7,365,121,425,34,4,2,12,24,20,4,117,27,384,140,445,53,23,21,31,44,40,
264,8_2,9,,BLMNW66.33,3.18.h,3,18,h,20,23,98,7,365,121,425,34,4,2,12,24,20,4,117,27,384,140,445,53,23,21,31,44,40,
265,8_2,9,,BLMNW66.33,3.18.i,3,18,i,20,23,98,7,365,121,425,34,4,2,12,24,20,4,117,27,384,140,445,53,23,21,31,44,40,
266,8_2,9,,BLMNW66.33,3.18.j,3,18,j,20,23,98,7,365,121,425,34,4,2,12,24,20,4,117,27,384,140,445,53,23,21,31,44,40,
267,8_2,9,,BLMNW66.33,3.18.k,3,18,k,20,23,98,7,365,121,425,34,4,2,12,24,20,4,117,27,384,140,445,53,23,21,31,44,40,
268,8_2,9,,BLMNW66.33,3.18.l,3,18,l,20,23,98,7,365,121,425,34,4,2,12,24,20,4,117,27,384,140,445,53,23,21,31,44,40,
269,8_2,9,,BLMNW66.33,3.18.m,3,18,m,20,23,98,7,365,121,425,34,4,2,12,24,20,4,117,27,384,140,445,53,23,21,31,44,40,
270,8_2,9,,BLMNW66.33,3.18.n,3,18,n,20,23,98,7,365,121,425,34,4,2,12,24,20,4,117,27,384,140,445,53,23,21,31,44,40,
271,8_2,9,,BLMNW66.33,3.18.o,3,18,o,20,23,98,7,365,121,425,34,4,2,12,24,20,4,117,27,384,140,445,53,23,21,31,44,40,
272,8_2,9,,BLMNW66.33,3.18.p,3,18,p,20,23,98,7,365,121,425,34,4,2,12,24,20,4,117,27,384,140,445,53,23,21,31,44,40,
273,8_2.5,10,,BLMNW90.10,1.3.a,1,3,a,20,23,115,8,427,142,499,34,4,2,12,11,7,4,121,14,433,147,505,40,10,8,18,17,13,
274,8_2.5,10,,BLMNW90.10,1.3.b,1,3,b,20,23,115,8,427,142,499,34,4,2,12,11,7,4,121,14,433,147,505,40,10,8,18,17,13,
275,8_2.5,10,,BLMNW90.10,1.3.c,1,3,c,20,23,115,8,427,142,499,34,4,2,12,11,7,4,121,14,433,147,505,40,10,8,18,17,13,
276,8_2.5,10,,BLMNW90.10,1.3.d,1,3,d,20,23,115,8,427,142,499,34,4,2,12,11,7,4,121,14,433,147,505,40,10,8,18,17,13,
277,8_2.5,10,,BLMNW90.10,1.3.e,1,3,e,20,23,115,8,427,142,499,34,4,2,12,11,7,4,121,14,433,147,505,40,10,8,18,17,13,
278,8_2.5,10,,BLMNW90.10,1.3.f,1,3,f,20,23,115,8,427,142,499,34,4,2,12,11,7,4,121,14,433,147,505,40,10,8,18,17,13,
279,8_2.5,10,,BLMNW90.10,1.3.g,1,3,g,20,23,115,8,427,142,499,34,4,2,12,11,7,4,121,14,433,147,505,40,10,8,18,17,13,
280,8_2.5,10,,BLMNW90.10,1.3.h,1,3,h,20,23,115,8,427,142,499,34,4,2,12,11,7,4,121,14,433,147,505,40,10,8,18,17,13,
281,8_2.5,10,,BLMNW90.10,1.3.i,1,3,i,20,23,115,8,427,142,499,34,4,2,12,11,7,4,121,14,433,147,505,40,10,8,18,17,13,
282,8_2.5,10,,BLMNW90.10,1.3.j,1,3,j,20,23,115,8,427,142,499,34,4,2,12,11,7,4,121,14,433,147,505,40,10,8,18,17,13,
283,8_2.5,10,,BLMNW90.10,1.3.k,1,3,k,20,23,115,8,427,142,499,34,4,2,12,11,7,4,121,14,433,147,505,40,10,8,18,17,13,
284,8_2.5,10,,BLMNW90.10,1.3.l,1,3,l,20,23,115,8,427,142,499,34,4,2,12,11,7,4,121,14,433,147,505,40,10,8,18,17,13,
285,8_2.5,10,,BLMNW90.10,1.3.m,1,3,m,20,23,115,8,427,142,499,34,4,2,12,11,7,4,121,14,433,147,505,40,10,8,18,17,13,
286,8_2.5,10,,BLMNW90.10,1.3.n,1,3,n,20,23,115,8,427,142,499,34,4,2,12,11,7,4,121,14,433,147,505,40,10,8,18,17,13,
287,8_2.5,10,,BLMNW90.10,1.3.o,1,3,o,20,23,115,8,427,142,499,34,4,2,12,11,7,4,121,14,433,147,505,40,10,8,18,17,13,
288,8_2.5,10,,BLMNW90.10,1.3.p,1,3,p,20,23,115,8,427,142,499,34,4,2,12,11,7,4,121,14,433,147,505,40,10,8,18,17,13,
289,8_2.5,11,,BLMNW90.10,1.8.a,1,8,a,20,23,115,8,427,142,499,34,4,2,12,11,7,4,121,14,433,147,505,40,10,8,18,17,13,
290,8_2.5,11,,BLMNW90.10,1.8.b,1,8,b,20,23,115,8,427,142,499,34,4,2,12,11,7,4,121,14,433,147,505,40,10,8,18,17,13,
291,8_2.5,11,,BLMNW90.10,1.8.c,1,8,c,20,23,115,8,427,142,499,34,4,2,12,11,7,4,121,14,433,147,505,40,10,8,18,17,13,
292,8_2.5,11,,BLMNW90.10,1.8.d,1,8,d,20,23,115,8,427,142,499,34,4,2,12,11,7,4,121,14,433,147,505,40,10,8,18,17,13,
293,8_2.5,11,,BLMNW90.10,1.8.e,1,8,e,20,23,115,8,427,142,499,34,4,2,12,11,7,4,121,14,433,147,505,40,10,8,18,17,13,
294,8_2.5,11,,BLMNW90.10,1.8.f,1,8,f,20,23,115,8,427,142,499,34,4,2,12,11,7,4,121,14,433,147,505,40,10,8,18,17,13,
295,8_2.5,11,,BLMNW90.10,1.8.g,1,8,g,20,23,115,8,427,142,499,34,4,2,12,11,7,4,121,14,433,147,505,40,10,8,18,17,13,
296,8_2.5,11,,BLMNW90.10,1.8.h,1,8,h,20,23,115,8,427,142,499,34,4,2,12,11,7,4,121,14,433,147,505,40,10,8,18,17,13,
297,8_2.5,11,,BLMNW90.10,1.8.i,1,8,i,20,23,115,8,427,142,499,34,4,2,12,11,7,4,121,14,433,147,505,40,10,8,18,17,13,
298,8_2.5,11,,BLMNW90.10,1.8.j,1,8,j,20,23,115,8,427,142,499,34,4,2,12,11,7,4,121,14,433,147,505,40,10,8,18,17,13,
299,8_2.5,11,,BLMNW90.10,1.8.k,1,8,k,20,23,115,8,427,142,499,34,4,2,12,11,7,4,121,14,433,147,505,40,10,8,18,17,13,
300,8_2.5,11,,BLMNW90.10,1.8.l,1,8,l,20,23,115,8,427,142,499,34,4,2,12,11,7,4,121,14,433,147,505,40,10,8,18,17,13,
301,8_2.5,11,,BLMNW90.10,1.8.m,1,8,m,20,23,115,8,427,142,499,34,4,2,12,11,7,4,121,14,433,147,505,40,10,8,18,17,13,
302,8_2.5,11,,BLMNW90.10,1.8.n,1,8,n,20,23,115,8,427,142,499,34,4,2,12,11,7,4,121,14,433,147,505,40,10,8,18,17,13,
303,8_2.5,11,,BLMNW90.10,1.8.o,1,8,o,20,23,115,8,427,142,499,34,4,2,12,11,7,4,121,14,433,147,505,40,10,8,18,17,13,
304,8_2.5,11,,BLMNW90.10,1.8.p,1,8,p,20,23,115,8,427,142,499,34,4,2,12,11,7,4,121,14,433,147,505,40,10,8,18,17,13,
305,8_2.5,12,,BLMNW90.10,1.16.a,1,16,a,20,23,115,8,427,142,499,34,4,2,12,11,7,4,121,14,433,147,505,40,10,8,18,17,13,
306,8_2.5,12,,BLMNW90.10,1.16.b,1,16,b,20,23,115,8,427,142,499,34,4,2,12,11,7,4,121,14,433,147,505,40,10,8,18,17,13,
307,8_2.5,12,,BLMNW90.10,1.16.c,1,16,c,20,23,115,8,427,142,499,34,4,2,12,11,7,4,121,14,433,147,505,40,10,8,18,17,13,
308,8_2.5,12,,BLMNW90.10,1.16.d,1,16,d,20,23,115,8,427,142,499,34,4,2,12,11,7,4,121,14,433,147,505,40,10,8,18,17,13,
309,8_2.5,12,,BLMNW90.10,1.16.e,1,16,e,20,23,115,8,427,142,499,34,4,2,12,11,7,4,121,14,433,147,505,40,10,8,18,17,13,
310,8_2.5,12,,BLMNW90.10,1.16.f,1,16,f,20,23,115,8,427,142,499,34,4,2,12,11,7,4,121,14,433,147,505,40,10,8,18,17,13,
311,8_2.5,12,,BLMNW90.10,1.16.g,1,16,g,20,23,115,8,427,142,499,34,4,2,12,11,7,4,121,14,433,147,505,40,10,8,18,17,13,
312,8_2.5,12,,BLMNW90.10,1.16.h,1,16,h,20,23,115,8,427,142,499,34,4,2,12,11,7,4,121,14,433,147,505,40,10,8,18,17,13,
313,8_2.5,12,,BLMNW90.10,1.16.i,1,16,i,20,23,115,8,427,142,499,34,4,2,12,11,7,4,121,14,433,147,505,40,10,8,18,17,13,
314,8_2.5,12,,BLMNW90.10,1.16.j,1,16,j,20,23,115,8,427,142,499,34,4,2,12,11,7,4,121,14,433,147,505,40,10,8,18,17,13,
315,8_2.5,12,,BLMNW90.10,1.16.k,1,16,k,20,23,115,8,427,142,499,34,4,2,12,11,7,4,121,14,433,147,505,40,10,8,18,17,13,
316,8_2.5,12,,BLMNW90.10,1.16.l,1,16,l,20,23,115,8,427,142,499,34,4,2,12,11,7,4,121,14,433,147,505,40,10,8,18,17,13,
317,8_2.5,12,,BLMNW90.10,1.16.m,1,16,m,20,23,115,8,427,142,499,34,4,2,12,11,7,4,121,14,433,147,505,40,10,8,18,17,13,
318,8_2.5,12,,BLMNW90.10,1.16.n,1,16,n,20,23,115,8,427,142,499,34,4,2,12,11,7,4,121,14,433,147,505,40,10,8,18,17,13,
319,8_2.5,12,,BLMNW90.10,1.16.o,1,16,o,20,23,115,8,427,142,499,34,4,2,12,11,7,4,121,14,433,147,505,40,10,8,18,17,13,
320,8_2.5,12,,BLMNW90.10,1.16.p,1,16,p,20,23,115,8,427,142,499,34,4,2,12,11,7,4,121,14,433,147,505,40,10,8,18,17,13,
321,8_2.5,13,,BLMNW90.10,2.4.a,2,4,a,20,23,115,8,427,142,499,34,4,2,12,11,7,4,121,14,433,147,505,40,10,8,18,17,13,
322,8_2.5,13,,BLMNW90.10,2.4.b,2,4,b,20,23,115,8,427,142,499,34,4,2,12,11,7,4,121,14,433,147,505,40,10,8,18,17,13,
323,8_2.5,13,,BLMNW90.10,2.4.c,2,4,c,20,23,115,8,427,142,499,34,4,2,12,11,7,4,121,14,433,147,505,40,10,8,18,17,13,
324,8_2.5,13,,BLMNW90.10,2.4.d,2,4,d,20,23,115,8,427,142,499,34,4,2,12,11,7,4,121,14,433,147,505,40,10,8,18,17,13,
325,8_2.5,13,,BLMNW90.10,2.4.e,2,4,e,20,23,115,8,427,142,499,34,4,2,12,11,7,4,121,14,433,147,505,40,10,8,18,17,13,
326,8_2.5,13,,BLMNW90.10,2.4.f,2,4,f,20,23,115,8,427,142,499,34,4,2,12,11,7,4,121,14,433,147,505,40,10,8,18,17,13,
327,8_2.5,13,,BLMNW90.10,2.4.g,2,4,g,20,23,115,8,427,142,499,34,4,2,12,11,7,4,121,14,433,147,505,40,10,8,18,17,13,
328,8_2.5,13,,BLMNW90.10,2.4.h,2,4,h,20,23,115,8,427,142,499,34,4,2,12,11,7,4,121,14,433,147,505,40,10,8,18,17,13,
329,8_2.5,13,,BLMNW90.10,2.4.i,2,4,i,20,23,115,8,427,142,499,34,4,2,12,11,7,4,121,14,433,147,505,40,10,8,18,17,13,
330,8_2.5,13,,BLMNW90.10,2.4.j,2,4,j,20,23,115,8,427,142,499,34,4,2,12,11,7,4,121,14,433,147,505,40,10,8,18,17,13,
331,8_2.5,13,,BLMNW90.10,2.4.k,2,4,k,20,23,115,8,427,142,499,34,4,2,12,11,7,4,121,14,433,147,505,40,10,8,18,17,13,
332,8_2.5,13,,BLMNW90.10,2.4.l,2,4,l,20,23,115,8,427,142,499,34,4,2,12,11,7,4,121,14,433,147,505,40,10,8,18,17,13,
333,8_2.5,13,,BLMNW90.10,2.4.m,2,4,m,20,23,115,8,427,142,499,34,4,2,12,11,7,4,121,14,433,147,505,40,10,8,18,17,13,
334,8_2.5,13,,BLMNW90.10,2.4.n,2,4,n,20,23,115,8,427,142,499,34,4,2,12,11,7,4,121,14,433,147,505,40,10,8,18,17,13,
335,8_2.5,13,,BLMNW90.10,2.4.o,2,4,o,20,23,115,8,427,142,499,34,4,2,12,11,7,4,121,14,433,147,505,40,10,8,18,17,13,
336,8_2.5,13,,BLMNW90.10,2.4.p,2,4,p,20,23,115,8,427,142,499,34,4,2,12,11,7,4,121,14,433,147,505,40,10,8,18,17,13,
337,8_2.5,14,,BLMNW90.10,2.8.a,2,8,a,20,23,115,8,427,142,499,34,4,2,12,11,7,4,121,14,433,147,505,40,10,8,18,17,13,
338,8_2.5,14,,BLMNW90.10,2.8.b,2,8,b,20,23,115,8,427,142,499,34,4,2,12,11,7,4,121,14,433,147,505,40,10,8,18,17,13,
339,8_2.5,14,,BLMNW90.10,2.8.c,2,8,c,20,23,115,8,427,142,499,34,4,2,12,11,7,4,121,14,433,147,505,40,10,8,18,17,13,
340,8_2.5,14,,BLMNW90.10,2.8.d,2,8,d,20,23,115,8,427,142,499,34,4,2,12,11,7,4,121,14,433,147,505,40,10,8,18,17,13,
341,8_2.5,14,,BLMNW90.10,2.8.e,2,8,e,20,23,115,8,427,142,499,34,4,2,12,11,7,4,121,14,433,147,505,40,10,8,18,17,13,
342,8_2.5,14,,BLMNW90.10,2.8.f,2,8,f,20,23,115,8,427,142,499,34,4,2,12,11,7,4,121,14,433,147,505,40,10,8,18,17,13,
343,8_2.5,14,,BLMNW90.10,2.8.g,2,8,g,20,23,115,8,427,142,499,34,4,2,12,11,7,4,121,14,433,147,505,40,10,8,18,17,13,
344,8_2.5,14,,BLMNW90.10,2.8.h,2,8,h,20,23,115,8,427,142,499,34,4,2,12,11,7,4,121,14,433,147,505,40,10,8,18,17,13,
345,8_2.5,14,,BLMNW90.10,2.8.i,2,8,i,20,23,115,8,427,142,499,34,4,2,12,11,7,4,121,14,433,147,505,40,10,8,18,17,13,
346,8_2.5,14,,BLMNW90.10,2.8.j,2,8,j,20,23,115,8,427,142,499,34,4,2,12,11,7,4,121,14,433,147,505,40,10,8,18,17,13,
347,8_2.5,14,,BLMNW90.10,2.8.k,2,8,k,20,23,115,8,427,142,499,34,4,2,12,11,7,4,121,14,433,147,505,40,10,8,18,17,13,
348,8_2.5,14,,BLMNW90.10,2.8.l,2,8,l,20,23,115,8,427,142,499,34,4,2,12,11,7,4,121,14,433,147,505,40,10,8,18,17,13,
349,8_2.5,14,,BLMNW90.10,2.8.m,2,8,m,20,23,115,8,427,142,499,34,4,2,12,11,7,4,121,14,433,147,505,40,10,8,18,17,13,
350,8_2.5,14,,BLMNW90.10,2.8.n,2,8,n,20,23,115,8,427,142,499,34,4,2,12,11,7,4,121,14,433,147,505,40,10,8,18,17,13,
351,8_2.5,14,,BLMNW90.10,2.8.o,2,8,o,20,23,115,8,427,142,499,34,4,2,12,11,7,4,121,14,433,147,505,40,10,8,18,17,13,
352,8_2.5,14,,BLMNW90.10,2.8.p,2,8,p,20,23,115,8,427,142,499,34,4,2,12,11,7,4,121,14,433,147,505,40,10,8,18,17,13,
353,8_2.5,15,,BLMNW90.10,2.15.a,2,15,a,20,23,115,8,427,142,499,34,4,2,12,11,7,4,121,14,433,147,505,40,10,8,18,17,13,
354,8_2.5,15,,BLMNW90.10,2.15.b,2,15,b,20,23,115,8,427,142,499,34,4,2,12,11,7,4,121,14,433,147,505,40,10,8,18,17,13,
355,8_2.5,15,,BLMNW90.10,2.15.c,2,15,c,20,23,115,8,427,142,499,34,4,2,12,11,7,4,121,14,433,147,505,40,10,8,18,17,13,
356,8_2.5,15,,BLMNW90.10,2.15.d,2,15,d,20,23,115,8,427,142,499,34,4,2,12,11,7,4,121,14,433,147,505,40,10,8,18,17,13,
357,8_2.5,15,,BLMNW90.10,2.15.e,2,15,e,20,23,115,8,427,142,499,34,4,2,12,11,7,4,121,14,433,147,505,40,10,8,18,17,13,
358,8_2.5,15,,BLMNW90.10,2.15.f,2,15,f,20,23,115,8,427,142,499,34,4,2,12,11,7,4,121,14,433,147,505,40,10,8,18,17,13,
359,8_2.5,15,,BLMNW90.10,2.15.g,2,15,g,20,23,115,8,427,142,499,34,4,2,12,11,7,4,121,14,433,147,505,40,10,8,18,17,13,
360,8_2.5,15,,BLMNW90.10,2.15.h,2,15,h,20,23,115,8,427,142,499,34,4,2,12,11,7,4,121,14,433,147,505,40,10,8,18,17,13,
361,8_2.5,15,,BLMNW90.10,2.15.i,2,15,i,20,23,115,8,427,142,499,34,4,2,12,11,7,4,121,14,433,147,505,40,10,8,18,17,13,
362,8_2.5,15,,BLMNW90.10,2.15.j,2,15,j,20,23,115,8,427,142,499,34,4,2,12,11,7,4,121,14,433,147,505,40,10,8,18,17,13,
363,8_2.5,15,,BLMNW90.10,2.15.k,2,15,k,20,23,115,8,427,142,499,34,4,2,12,11,7,4,121,14,433,147,505,40,10,8,18,17,13,
364,8_2.5,15,,BLMNW90.10,2.15.l,2,15,l,20,23,115,8,427,142,499,34,4,2,12,11,7,4,121,14,433,147,505,40,10,8,18,17,13,
365,8_2.5,15,,BLMNW90.10,2.15.m,2,15,m,20,23,115,8,427,142,499,34,4,2,12,11,7,4,121,14,433,147,505,40,10,8,18,17,13,
366,8_2.5,15,,BLMNW90.10,2.15.n,2,15,n,20,23,115,8,427,142,499,34,4,2,12,11,7,4,121,14,433,147,505,40,10,8,18,17,13,
367,8_2.5,15,,BLMNW90.10,2.15.o,2,15,o,20,23,115,8,427,142,499,34,4,2,12,11,7,4,121,14,433,147,505,40,10,8,18,17,13,
368,8_2.5,15,,BLMNW90.10,2.15.p,2,15,p,20,23,115,8,427,142,499,34,4,2,12,11,7,4,121,14,433,147,505,40,10,8,18,17,13,
369,8_2.5,16,,BLMNW90.10,3.9.a,3,9,a,20,23,115,8,427,142,499,34,4,2,12,11,7,4,121,14,433,147,505,40,10,8,18,17,13,
370,8_2.5,16,,BLMNW90.10,3.9.b,3,9,b,20,23,115,8,427,142,499,34,4,2,12,11,7,4,121,14,433,147,505,40,10,8,18,17,13,
371,8_2.5,16,,BLMNW90.10,3.9.c,3,9,c,20,23,115,8,427,142,499,34,4,2,12,11,7,4,121,14,433,147,505,40,10,8,18,17,13,
372,8_2.5,16,,BLMNW90.10,3.9.d,3,9,d,20,23,115,8,427,142,499,34,4,2,12,11,7,4,121,14,433,147,505,40,10,8,18,17,13,
373,8_2.5,16,,BLMNW90.10,3.9.e,3,9,e,20,23,115,8,427,142,499,34,4,2,12,11,7,4,121,14,433,147,505,40,10,8,18,17,13,
374,8_2.5,16,,BLMNW90.10,3.9.f,3,9,f,20,23,115,8,427,142,499,34,4,2,12,11,7,4,121,14,433,147,505,40,10,8,18,17,13,
375,8_2.5,16,,BLMNW90.10,3.9.g,3,9,g,20,23,115,8,427,142,499,34,4,2,12,11,7,4,121,14,433,147,505,40,10,8,18,17,13,
376,8_2.5,16,,BLMNW90.10,3.9.h,3,9,h,20,23,115,8,427,142,499,34,4,2,12,11,7,4,121,14,433,147,505,40,10,8,18,17,13,
377,8_2.5,16,,BLMNW90.10,3.9.i,3,9,i,20,23,115,8,427,142,499,34,4,2,12,11,7,4,121,14,433,147,505,40,10,8,18,17,13,
378,8_2.5,16,,BLMNW90.10,3.9.j,3,9,j,20,23,115,8,427,142,499,34,4,2,12,11,7,4,121,14,433,147,505,40,10,8,18,17,13,
379,8_2.5,16,,BLMNW90.10,3.9.k,3,9,k,20,23,115,8,427,142,499,34,4,2,12,11,7,4,121,14,433,147,505,40,10,8,18,17,13,
380,8_2.5,16,,BLMNW90.10,3.9.l,3,9,l,20,23,115,8,427,142,499,34,4,2,12,11,7,4,121,14,433,147,505,40,10,8,18,17,13,
381,8_2.5,16,,BLMNW90.10,3.9.m,3,9,m,20,23,115,8,427,142,499,34,4,2,12,11,7,4,121,14,433,147,505,40,10,8,18,17,13,
382,8_2.5,16,,BLMNW90.10,3.9.n,3,9,n,20,23,115,8,427,142,499,34,4,2,12,11,7,4,121,14,433,147,505,40,10,8,18,17,13,
383,8_2.5,16,,BLMNW90.10,3.9.o,3,9,o,20,23,115,8,427,142,499,34,4,2,12,11,7,4,121,14,433,147,505,40,10,8,18,17,13,
384,8_2.5,16,,BLMNW90.10,3.9.p,3,9,p,20,23,115,8,427,142,499,34,4,2,12,11,7,4,121,14,433,147,505,40,10,8,18,17,13,
385,8_2.5,17,,BLMNW90.10,3.11.a,3,11,a,20,23,115,8,427,142,499,34,4,2,12,11,7,4,121,14,433,147,505,40,10,8,18,17,13,
386,8_2.5,17,,BLMNW90.10,3.11.b,3,11,b,20,23,115,8,427,142,499,34,4,2,12,11,7,4,121,14,433,147,505,40,10,8,18,17,13,
387,8_2.5,17,,BLMNW90.10,3.11.c,3,11,c,20,23,115,8,427,142,499,34,4,2,12,11,7,4,121,14,433,147,505,40,10,8,18,17,13,
388,8_2.5,17,,BLMNW90.10,3.11.d,3,11,d,20,23,115,8,427,142,499,34,4,2,12,11,7,4,121,14,433,147,505,40,10,8,18,17,13,
389,8_2.5,17,,BLMNW90.10,3.11.e,3,11,e,20,23,115,8,427,142,499,34,4,2,12,11,7,4,121,14,433,147,505,40,10,8,18,17,13,
390,8_2.5,17,,BLMNW90.10,3.11.f,3,11,f,20,23,115,8,427,142,499,34,4,2,12,11,7,4,121,14,433,147,505,40,10,8,18,17,13,
391,8_2.5,17,,BLMNW90.10,3.11.g,3,11,g,20,23,115,8,427,142,499,34,4,2,12,11,7,4,121,14,433,147,505,40,10,8,18,17,13,
392,8_2.5,17,,BLMNW90.10,3.11.h,3,11,h,20,23,115,8,427,142,499,34,4,2,12,11,7,4,121,14,433,147,505,40,10,8,18,17,13,
393,8_2.5,17,,BLMNW90.10,3.11.i,3,11,i,20,23,115,8,427,142,499,34,4,2,12,11,7,4,121,14,433,147,505,40,10,8,18,17,13,
394,8_2.5,17,,BLMNW90.10,3.11.j,3,11,j,20,23,115,8,427,142,499,34,4,2,12,11,7,4,121,14,433,147,505,40,10,8,18,17,13,
395,8_2.5,17,,BLMNW90.10,3.11.k,3,11,k,20,23,115,8,427,142,499,34,4,2,12,11,7,4,121,14,433,147,505,40,10,8,18,17,13,
396,8_2.5,17,,BLMNW90.10,3.11.l,3,11,l,20,23,115,8,427,142,499,34,4,2,12,11,7,4,121,14,433,147,505,40,10,8,18,17,13,
397,8_2.5,17,,BLMNW90.10,3.11.m,3,11,m,20,23,115,8,427,142,499,34,4,2,12,11,7,4,121,14,433,147,505,40,10,8,18,17,13,
398,8_2.5,17,,BLMNW90.10,3.11.n,3,11,n,20,23,115,8,427,142,499,34,4,2,12,11,7,4,121,14,433,147,505,40,10,8,18,17,13,
399,8_2.5,17,,BLMNW90.10,3.11.o,3,11,o,20,23,115,8,427,142,499,34,4,2,12,11,7,4,121,14,433,147,505,40,10,8,18,17,13,
400,8_2.5,17,,BLMNW90.10,3.11.p,3,11,p,20,23,115,8,427,142,499,34,4,2,12,11,7,4,121,14,433,147,505,40,10,8,18,17,13,
401,8_2.5,18,,BLMNW90.10,3.16.a,3,16,a,20,23,115,8,427,142,499,34,4,2,12,11,7,4,121,14,433,147,505,40,10,8,18,17,13,
402,8_2.5,18,,BLMNW90.10,3.16.b,3,16,b,20,23,115,8,427,142,499,34,4,2,12,11,7,4,121,14,433,147,505,40,10,8,18,17,13,
403,8_2.5,18,,BLMNW90.10,3.16.c,3,16,c,20,23,115,8,427,142,499,34,4,2,12,11,7,4,121,14,433,147,505,40,10,8,18,17,13,
404,8_2.5,18,,BLMNW90.10,3.16.d,3,16,d,20,23,115,8,427,142,499,34,4,2,12,11,7,4,121,14,433,147,505,40,10,8,18,17,13,
405,8_2.5,18,,BLMNW90.10,3.16.e,3,16,e,20,23,115,8,427,142,499,34,4,2,12,11,7,4,121,14,433,147,505,40,10,8,18,17,13,
406,8_2.5,18,,BLMNW90.10,3.16.f,3,16,f,20,23,115,8,427,142,499,34,4,2,12,11,7,4,121,14,433,147,505,40,10,8,18,17,13,
407,8_2.5,18,,BLMNW90.10,3.16.g,3,16,g,20,23,115,8,427,142,499,34,4,2,12,11,7,4,121,14,433,147,505,40,10,8,18,17,13,
408,8_2.5,18,,BLMNW90.10,3.16.h,3,16,h,20,23,115,8,427,142,499,34,4,2,12,11,7,4,121,14,433,147,505,40,10,8,18,17,13,
409,8_2.5,18,,BLMNW90.10,3.16.i,3,16,i,20,23,115,8,427,142,499,34,4,2,12,11,7,4,121,14,433,147,505,40,10,8,18,17,13,
410,8_2.5,18,,BLMNW90.10,3.16.j,3,16,j,20,23,115,8,427,142,499,34,4,2,12,11,7,4,121,14,433,147,505,40,10,8,18,17,13,
411,8_2.5,18,,BLMNW90.10,3.16.k,3,16,k,20,23,115,8,427,142,499,34,4,2,12,11,7,4,121,14,433,147,505,40,10,8,18,17,13,
412,8_2.5,18,,BLMNW90.10,3.16.l,3,16,l,20,23,115,8,427,142,499,34,4,2,12,11,7,4,121,14,433,147,505,40,10,8,18,17,13,
413,8_2.5,18,,BLMNW90.10,3.16.m,3,16,m,20,23,115,8,427,142,499,34,4,2,12,11,7,4,121,14,433,147,505,40,10,8,18,17,13,
414,8_2.5,18,,BLMNW90.10,3.16.n,3,16,n,20,23,115,8,427,142,499,34,4,2,12,11,7,4,121,14,433,147,505,40,10,8,18,17,13,
415,8_2.5,18,,BLMNW90.10,3.16.o,3,16,o,20,23,115,8,427,142,499,34,4,2,12,11,7,4,121,14,433,147,505,40,10,8,18,17,13,
416,8_2.5,18,,BLMNW90.10,3.16.p,3,16,p,20,23,115,8,427,142,499,34,4,2,12,11,7,4,121,14,433,147,505,40,10,8,18,17,13,
716,8_3,1,BLM01,GRASSMONOCULTURE,1.1.l,1,1,l,1,1,750,,,,,,,,,,,,,,,,,,,,,,,
727,8_3,4,BLM01,GRASSMONOCULTURE,1.11.g,1,11,g,1,1,750,,,,,,,,,,,,,,,,,,,,,,,
737,8_3,6,BLM01,GRASSMONOCULTURE,1.18.a,1,18,a,1,1,750,,,,,,,,,,,,,,,,,,,,,,,
757,8_3,7,BLM01,GRASSMONOCULTURE,2.1.e,2,1,e,1,1,750,,,,,,,,,,,,,,,,,,,,,,,
771,8_3,9,BLM01,GRASSMONOCULTURE,2.9.c,2,9,c,1,1,750,,,,,,,,,,,,,,,,,,,,,,,
795,8_3,12,BLM01,GRASSMONOCULTURE,2.17.k,2,17,k,1,1,750,,,,,,,,,,,,,,,,,,,,,,,
812,8_3,13,BLM01,GRASSMONOCULTURE,3.2.l,3,2,l,1,1,750,,,,,,,,,,,,,,,,,,,,,,,
824,8_3,15,BLM01,GRASSMONOCULTURE,3.4.h,3,4,h,1,1,750,,,,,,,,,,,,,,,,,,,,,,,
844,8_3,18,BLM01,GRASSMONOCULTURE,3.15.l,3,15,l,1,1,750,,,,,,,,,,,,,,,,,,,,,,,
720,8_3,1,BLM010,GRASSMONOCULTURE,1.1.p,1,1,p,1,1,,,,,750,,,,,,,,,,,,,,,,,,,
736,8_3,4,BLM010,GRASSMONOCULTURE,1.11.p,1,11,p,1,1,,,,,750,,,,,,,,,,,,,,,,,,,
741,8_3,6,BLM010,GRASSMONOCULTURE,1.18.e,1,18,e,1,1,,,,,750,,,,,,,,,,,,,,,,,,,
754,8_3,7,BLM010,GRASSMONOCULTURE,2.1.b,2,1,b,1,1,,,,,750,,,,,,,,,,,,,,,,,,,
778,8_3,9,BLM010,GRASSMONOCULTURE,2.9.j,2,9,j,1,1,,,,,750,,,,,,,,,,,,,,,,,,,
789,8_3,12,BLM010,GRASSMONOCULTURE,2.17.e,2,17,e,1,1,,,,,750,,,,,,,,,,,,,,,,,,,
814,8_3,13,BLM010,GRASSMONOCULTURE,3.2.n,3,2,n,1,1,,,,,750,,,,,,,,,,,,,,,,,,,
822,8_3,15,BLM010,GRASSMONOCULTURE,3.4.f,3,4,f,1,1,,,,,750,,,,,,,,,,,,,,,,,,,
842,8_3,18,BLM010,GRASSMONOCULTURE,3.15.j,3,15,j,1,1,,,,,750,,,,,,,,,,,,,,,,,,,
707,8_3,1,BLM02,GRASSMONOCULTURE,1.1.c,1,1,c,1,1,750,,,,,,,,,,,,,,,,,,,,,,,
730,8_3,4,BLM02,GRASSMONOCULTURE,1.11.j,1,11,j,1,1,750,,,,,,,,,,,,,,,,,,,,,,,
739,8_3,6,BLM02,GRASSMONOCULTURE,1.18.c,1,18,c,1,1,750,,,,,,,,,,,,,,,,,,,,,,,
766,8_3,7,BLM02,GRASSMONOCULTURE,2.1.n,2,1,n,1,1,750,,,,,,,,,,,,,,,,,,,,,,,
782,8_3,9,BLM02,GRASSMONOCULTURE,2.9.n,2,9,n,1,1,750,,,,,,,,,,,,,,,,,,,,,,,
788,8_3,12,BLM02,GRASSMONOCULTURE,2.17.d,2,17,d,1,1,750,,,,,,,,,,,,,,,,,,,,,,,
813,8_3,13,BLM02,GRASSMONOCULTURE,3.2.m,3,2,m,1,1,750,,,,,,,,,,,,,,,,,,,,,,,
832,8_3,15,BLM02,GRASSMONOCULTURE,3.4.p,3,4,p,1,1,750,,,,,,,,,,,,,,,,,,,,,,,
838,8_3,18,BLM02,GRASSMONOCULTURE,3.15.f,3,15,f,1,1,750,,,,,,,,,,,,,,,,,,,,,,,
715,8_3,1,BLM03,GRASSMONOCULTURE,1.1.k,1,1,k,1,1,,750,,,,,,,,,,,,,,,,,,,,,,
722,8_3,4,BLM03,GRASSMONOCULTURE,1.11.b,1,11,b,1,1,,750,,,,,,,,,,,,,,,,,,,,,,
751,8_3,6,BLM03,GRASSMONOCULTURE,1.18.o,1,18,o,1,1,,750,,,,,,,,,,,,,,,,,,,,,,
764,8_3,7,BLM03,GRASSMONOCULTURE,2.1.l,2,1,l,1,1,,750,,,,,,,,,,,,,,,,,,,,,,
769,8_3,9,BLM03,GRASSMONOCULTURE,2.9.a,2,9,a,1,1,,750,,,,,,,,,,,,,,,,,,,,,,
798,8_3,12,BLM03,GRASSMONOCULTURE,2.17.n,2,17,n,1,1,,750,,,,,,,,,,,,,,,,,,,,,,
809,8_3,13,BLM03,GRASSMONOCULTURE,3.2.i,3,2,i,1,1,,750,,,,,,,,,,,,,,,,,,,,,,
826,8_3,15,BLM03,GRASSMONOCULTURE,3.4.j,3,4,j,1,1,,750,,,,,,,,,,,,,,,,,,,,,,
833,8_3,18,BLM03,GRASSMONOCULTURE,3.15.a,3,15,a,1,1,,750,,,,,,,,,,,,,,,,,,,,,,
710,8_3,1,BLM04,GRASSMONOCULTURE,1.1.f,1,1,f,1,1,,,750,,,,,,,,,,,,,,,,,,,,,
728,8_3,4,BLM04,GRASSMONOCULTURE,1.11.h,1,11,h,1,1,,,750,,,,,,,,,,,,,,,,,,,,,
749,8_3,6,BLM04,GRASSMONOCULTURE,1.18.m,1,18,m,1,1,,,750,,,,,,,,,,,,,,,,,,,,,
753,8_3,7,BLM04,GRASSMONOCULTURE,2.1.a,2,1,a,1,1,,,750,,,,,,,,,,,,,,,,,,,,,
784,8_3,9,BLM04,GRASSMONOCULTURE,2.9.p,2,9,p,1,1,,,750,,,,,,,,,,,,,,,,,,,,,
796,8_3,12,BLM04,GRASSMONOCULTURE,2.17.l,2,17,l,1,1,,,750,,,,,,,,,,,,,,,,,,,,,
805,8_3,13,BLM04,GRASSMONOCULTURE,3.2.e,3,2,e,1,1,,,750,,,,,,,,,,,,,,,,,,,,,
819,8_3,15,BLM04,GRASSMONOCULTURE,3.4.c,3,4,c,1,1,,,750,,,,,,,,,,,,,,,,,,,,,
835,8_3,18,BLM04,GRASSMONOCULTURE,3.15.c,3,15,c,1,1,,,750,,,,,,,,,,,,,,,,,,,,,
708,8_3,1,BLM05,GRASSMONOCULTURE,1.1.d,1,1,d,1,1,,,,,,,,,,,,,,,,,,,,,,,,750
733,8_3,4,BLM05,GRASSMONOCULTURE,1.11.m,1,11,m,1,1,,,,,,,,,,,,,,,,,,,,,,,,750
740,8_3,6,BLM05,GRASSMONOCULTURE,1.18.d,1,18,d,1,1,,,,,,,,,,,,,,,,,,,,,,,,750
768,8_3,7,BLM05,GRASSMONOCULTURE,2.1.p,2,1,p,1,1,,,,,,,,,,,,,,,,,,,,,,,,750
770,8_3,9,BLM05,GRASSMONOCULTURE,2.9.b,2,9,b,1,1,,,,,,,,,,,,,,,,,,,,,,,,750
793,8_3,12,BLM05,GRASSMONOCULTURE,2.17.i,2,17,i,1,1,,,,,,,,,,,,,,,,,,,,,,,,750
811,8_3,13,BLM05,GRASSMONOCULTURE,3.2.k,3,2,k,1,1,,,,,,,,,,,,,,,,,,,,,,,,750
828,8_3,15,BLM05,GRASSMONOCULTURE,3.4.l,3,4,l,1,1,,,,,,,,,,,,,,,,,,,,,,,,750
846,8_3,18,BLM05,GRASSMONOCULTURE,3.15.n,3,15,n,1,1,,,,,,,,,,,,,,,,,,,,,,,,750
712,8_3,1,BLM06,GRASSMONOCULTURE,1.1.h,1,1,h,1,1,,,,,,,,,,,,,,,,,,,,,,,,750
726,8_3,4,BLM06,GRASSMONOCULTURE,1.11.f,1,11,f,1,1,,,,,,,,,,,,,,,,,,,,,,,,750
746,8_3,6,BLM06,GRASSMONOCULTURE,1.18.j,1,18,j,1,1,,,,,,,,,,,,,,,,,,,,,,,,750
759,8_3,7,BLM06,GRASSMONOCULTURE,2.1.g,2,1,g,1,1,,,,,,,,,,,,,,,,,,,,,,,,750
776,8_3,9,BLM06,GRASSMONOCULTURE,2.9.h,2,9,h,1,1,,,,,,,,,,,,,,,,,,,,,,,,750
797,8_3,12,BLM06,GRASSMONOCULTURE,2.17.m,2,17,m,1,1,,,,,,,,,,,,,,,,,,,,,,,,750
801,8_3,13,BLM06,GRASSMONOCULTURE,3.2.a,3,2,a,1,1,,,,,,,,,,,,,,,,,,,,,,,,750
829,8_3,15,BLM06,GRASSMONOCULTURE,3.4.m,3,4,m,1,1,,,,,,,,,,,,,,,,,,,,,,,,750
847,8_3,18,BLM06,GRASSMONOCULTURE,3.15.o,3,15,o,1,1,,,,,,,,,,,,,,,,,,,,,,,,750
711,8_3,1,BLM07,GRASSMONOCULTURE,1.1.g,1,1,g,1,1,,,,,,,,,,,,,,,,,,,,,,,,750
735,8_3,4,BLM07,GRASSMONOCULTURE,1.11.o,1,11,o,1,1,,,,,,,,,,,,,,,,,,,,,,,,750
738,8_3,6,BLM07,GRASSMONOCULTURE,1.18.b,1,18,b,1,1,,,,,,,,,,,,,,,,,,,,,,,,750
763,8_3,7,BLM07,GRASSMONOCULTURE,2.1.k,2,1,k,1,1,,,,,,,,,,,,,,,,,,,,,,,,750
774,8_3,9,BLM07,GRASSMONOCULTURE,2.9.f,2,9,f,1,1,,,,,,,,,,,,,,,,,,,,,,,,750
794,8_3,12,BLM07,GRASSMONOCULTURE,2.17.j,2,17,j,1,1,,,,,,,,,,,,,,,,,,,,,,,,750
815,8_3,13,BLM07,GRASSMONOCULTURE,3.2.o,3,2,o,1,1,,,,,,,,,,,,,,,,,,,,,,,,750
825,8_3,15,BLM07,GRASSMONOCULTURE,3.4.i,3,4,i,1,1,,,,,,,,,,,,,,,,,,,,,,,,750
848,8_3,18,BLM07,GRASSMONOCULTURE,3.15.p,3,15,p,1,1,,,,,,,,,,,,,,,,,,,,,,,,750
717,8_3,1,BLM08,GRASSMONOCULTURE,1.1.m,1,1,m,1,1,,,,750,,,,,,,,,,,,,,,,,,,,
729,8_3,4,BLM08,GRASSMONOCULTURE,1.11.i,1,11,i,1,1,,,,750,,,,,,,,,,,,,,,,,,,,
742,8_3,6,BLM08,GRASSMONOCULTURE,1.18.f,1,18,f,1,1,,,,750,,,,,,,,,,,,,,,,,,,,
756,8_3,7,BLM08,GRASSMONOCULTURE,2.1.d,2,1,d,1,1,,,,750,,,,,,,,,,,,,,,,,,,,
783,8_3,9,BLM08,GRASSMONOCULTURE,2.9.o,2,9,o,1,1,,,,750,,,,,,,,,,,,,,,,,,,,
785,8_3,12,BLM08,GRASSMONOCULTURE,2.17.a,2,17,a,1,1,,,,750,,,,,,,,,,,,,,,,,,,,
804,8_3,13,BLM08,GRASSMONOCULTURE,3.2.d,3,2,d,1,1,,,,750,,,,,,,,,,,,,,,,,,,,
820,8_3,15,BLM08,GRASSMONOCULTURE,3.4.d,3,4,d,1,1,,,,750,,,,,,,,,,,,,,,,,,,,
836,8_3,18,BLM08,GRASSMONOCULTURE,3.15.d,3,15,d,1,1,,,,750,,,,,,,,,,,,,,,,,,,,
719,8_3,1,BLM09,GRASSMONOCULTURE,1.1.o,1,1,o,1,1,,,,,750,,,,,,,,,,,,,,,,,,,
732,8_3,4,BLM09,GRASSMONOCULTURE,1.11.l,1,11,l,1,1,,,,,750,,,,,,,,,,,,,,,,,,,
745,8_3,6,BLM09,GRASSMONOCULTURE,1.18.i,1,18,i,1,1,,,,,750,,,,,,,,,,,,,,,,,,,
755,8_3,7,BLM09,GRASSMONOCULTURE,2.1.c,2,1,c,1,1,,,,,750,,,,,,,,,,,,,,,,,,,
775,8_3,9,BLM09,GRASSMONOCULTURE,2.9.g,2,9,g,1,1,,,,,750,,,,,,,,,,,,,,,,,,,
800,8_3,12,BLM09,GRASSMONOCULTURE,2.17.p,2,17,p,1,1,,,,,750,,,,,,,,,,,,,,,,,,,
810,8_3,13,BLM09,GRASSMONOCULTURE,3.2.j,3,2,j,1,1,,,,,750,,,,,,,,,,,,,,,,,,,
817,8_3,15,BLM09,GRASSMONOCULTURE,3.4.a,3,4,a,1,1,,,,,750,,,,,,,,,,,,,,,,,,,
843,8_3,18,BLM09,GRASSMONOCULTURE,3.15.k,3,15,k,1,1,,,,,750,,,,,,,,,,,,,,,,,,,
709,8_3,1,BLM11,GRASSMONOCULTURE,1.1.e,1,1,e,1,1,750,,,,,,,,,,,,,,,,,,,,,,,
721,8_3,4,BLM11,GRASSMONOCULTURE,1.11.a,1,11,a,1,1,750,,,,,,,,,,,,,,,,,,,,,,,
748,8_3,6,BLM11,GRASSMONOCULTURE,1.18.l,1,18,l,1,1,750,,,,,,,,,,,,,,,,,,,,,,,
760,8_3,7,BLM11,GRASSMONOCULTURE,2.1.h,2,1,h,1,1,750,,,,,,,,,,,,,,,,,,,,,,,
777,8_3,9,BLM11,GRASSMONOCULTURE,2.9.i,2,9,i,1,1,750,,,,,,,,,,,,,,,,,,,,,,,
799,8_3,12,BLM11,GRASSMONOCULTURE,2.17.o,2,17,o,1,1,750,,,,,,,,,,,,,,,,,,,,,,,
802,8_3,13,BLM11,GRASSMONOCULTURE,3.2.b,3,2,b,1,1,750,,,,,,,,,,,,,,,,,,,,,,,
830,8_3,15,BLM11,GRASSMONOCULTURE,3.4.n,3,4,n,1,1,750,,,,,,,,,,,,,,,,,,,,,,,
837,8_3,18,BLM11,GRASSMONOCULTURE,3.15.e,3,15,e,1,1,750,,,,,,,,,,,,,,,,,,,,,,,
713,8_3,1,BLM16,GRASSMONOCULTURE,1.1.i,1,1,i,1,1,,,,,,,,,,,,750,,,,,,,,,,,,
725,8_3,4,BLM16,GRASSMONOCULTURE,1.11.e,1,11,e,1,1,,,,,,,,,,,,750,,,,,,,,,,,,
752,8_3,6,BLM16,GRASSMONOCULTURE,1.18.p,1,18,p,1,1,,,,,,,,,,,,750,,,,,,,,,,,,
765,8_3,7,BLM16,GRASSMONOCULTURE,2.1.m,2,1,m,1,1,,,,,,,,,,,,750,,,,,,,,,,,,
772,8_3,9,BLM16,GRASSMONOCULTURE,2.9.d,2,9,d,1,1,,,,,,,,,,,,750,,,,,,,,,,,,
791,8_3,12,BLM16,GRASSMONOCULTURE,2.17.g,2,17,g,1,1,,,,,,,,,,,,750,,,,,,,,,,,,
803,8_3,13,BLM16,GRASSMONOCULTURE,3.2.c,3,2,c,1,1,,,,,,,,,,,,750,,,,,,,,,,,,
821,8_3,15,BLM16,GRASSMONOCULTURE,3.4.e,3,4,e,1,1,,,,,,,,,,,,750,,,,,,,,,,,,
834,8_3,18,BLM16,GRASSMONOCULTURE,3.15.b,3,15,b,1,1,,,,,,,,,,,,750,,,,,,,,,,,,
574,8_3,2,BLM17,FORBMONOCULTURE,1.2.n,1,2,n,1,1,,,,,,750,,,,,,,,,,,,,,,,,,
588,8_3,3,BLM17,FORBMONOCULTURE,1.7.l,1,7,l,1,1,,,,,,750,,,,,,,,,,,,,,,,,,
595,8_3,5,BLM17,FORBMONOCULTURE,1.15.c,1,15,c,1,1,,,,,,750,,,,,,,,,,,,,,,,,,
617,8_3,8,BLM17,FORBMONOCULTURE,2.3.i,2,3,i,1,1,,,,,,750,,,,,,,,,,,,,,,,,,
632,8_3,10,BLM17,FORBMONOCULTURE,2.11.h,2,11,h,1,1,,,,,,750,,,,,,,,,,,,,,,,,,
648,8_3,11,BLM17,FORBMONOCULTURE,2.16.h,2,16,h,1,1,,,,,,750,,,,,,,,,,,,,,,,,,
659,8_3,14,BLM17,FORBMONOCULTURE,3.3.c,3,3,c,1,1,,,,,,750,,,,,,,,,,,,,,,,,,
683,8_3,16,BLM17,FORBMONOCULTURE,3.5.k,3,5,k,1,1,,,,,,750,,,,,,,,,,,,,,,,,,
697,8_3,17,BLM17,FORBMONOCULTURE,3.13.i,3,13,i,1,1,,,,,,750,,,,,,,,,,,,,,,,,,
568,8_3,2,BLM19,FORBMONOCULTURE,1.2.h,1,2,h,1,1,,,,,,,,,750,,,,,,,,,,,,,,,
587,8_3,3,BLM19,FORBMONOCULTURE,1.7.k,1,7,k,1,1,,,,,,,,,750,,,,,,,,,,,,,,,
593,8_3,5,BLM19,FORBMONOCULTURE,1.15.a,1,15,a,1,1,,,,,,,,,750,,,,,,,,,,,,,,,
621,8_3,8,BLM19,FORBMONOCULTURE,2.3.m,2,3,m,1,1,,,,,,,,,750,,,,,,,,,,,,,,,
631,8_3,10,BLM19,FORBMONOCULTURE,2.11.g,2,11,g,1,1,,,,,,,,,750,,,,,,,,,,,,,,,
653,8_3,11,BLM19,FORBMONOCULTURE,2.16.m,2,16,m,1,1,,,,,,,,,750,,,,,,,,,,,,,,,
668,8_3,14,BLM19,FORBMONOCULTURE,3.3.l,3,3,l,1,1,,,,,,,,,750,,,,,,,,,,,,,,,
684,8_3,16,BLM19,FORBMONOCULTURE,3.5.l,3,5,l,1,1,,,,,,,,,750,,,,,,,,,,,,,,,
698,8_3,17,BLM19,FORBMONOCULTURE,3.13.j,3,13,j,1,1,,,,,,,,,750,,,,,,,,,,,,,,,
571,8_3,2,BLM20,FORBMONOCULTURE,1.2.k,1,2,k,1,1,,,,,,,,750,,,,,,,,,,,,,,,,
580,8_3,3,BLM20,FORBMONOCULTURE,1.7.d,1,7,d,1,1,,,,,,,,750,,,,,,,,,,,,,,,,
600,8_3,5,BLM20,FORBMONOCULTURE,1.15.h,1,15,h,1,1,,,,,,,,750,,,,,,,,,,,,,,,,
612,8_3,8,BLM20,FORBMONOCULTURE,2.3.d,2,3,d,1,1,,,,,,,,750,,,,,,,,,,,,,,,,
638,8_3,10,BLM20,FORBMONOCULTURE,2.11.n,2,11,n,1,1,,,,,,,,750,,,,,,,,,,,,,,,,
651,8_3,11,BLM20,FORBMONOCULTURE,2.16.k,2,16,k,1,1,,,,,,,,750,,,,,,,,,,,,,,,,
658,8_3,14,BLM20,FORBMONOCULTURE,3.3.b,3,3,b,1,1,,,,,,,,750,,,,,,,,,,,,,,,,
679,8_3,16,BLM20,FORBMONOCULTURE,3.5.g,3,5,g,1,1,,,,,,,,750,,,,,,,,,,,,,,,,
694,8_3,17,BLM20,FORBMONOCULTURE,3.13.f,3,13,f,1,1,,,,,,,,750,,,,,,,,,,,,,,,,
561,8_3,2,BLM21,FORBMONOCULTURE,1.2.a,1,2,a,1,1,,,,,,,,,,750,,,,,,,,,,,,,,
586,8_3,3,BLM21,FORBMONOCULTURE,1.7.j,1,7,j,1,1,,,,,,,,,,750,,,,,,,,,,,,,,
596,8_3,5,BLM21,FORBMONOCULTURE,1.15.d,1,15,d,1,1,,,,,,,,,,750,,,,,,,,,,,,,,
611,8_3,8,BLM21,FORBMONOCULTURE,2.3.c,2,3,c,1,1,,,,,,,,,,750,,,,,,,,,,,,,,
626,8_3,10,BLM21,FORBMONOCULTURE,2.11.b,2,11,b,1,1,,,,,,,,,,750,,,,,,,,,,,,,,
641,8_3,11,BLM21,FORBMONOCULTURE,2.16.a,2,16,a,1,1,,,,,,,,,,750,,,,,,,,,,,,,,
663,8_3,14,BLM21,FORBMONOCULTURE,3.3.g,3,3,g,1,1,,,,,,,,,,750,,,,,,,,,,,,,,
674,8_3,16,BLM21,FORBMONOCULTURE,3.5.b,3,5,b,1,1,,,,,,,,,,750,,,,,,,,,,,,,,
700,8_3,17,BLM21,FORBMONOCULTURE,3.13.l,3,13,l,1,1,,,,,,,,,,750,,,,,,,,,,,,,,
570,8_3,2,BLM22,FORBMONOCULTURE,1.2.j,1,2,j,1,1,,,,,,,,,,,,,,,,,,,,,,,750,
582,8_3,3,BLM22,FORBMONOCULTURE,1.7.f,1,7,f,1,1,,,,,,,,,,,,,,,,,,,,,,,750,
607,8_3,5,BLM22,FORBMONOCULTURE,1.15.o,1,15,o,1,1,,,,,,,,,,,,,,,,,,,,,,,750,
623,8_3,8,BLM22,FORBMONOCULTURE,2.3.o,2,3,o,1,1,,,,,,,,,,,,,,,,,,,,,,,750,
628,8_3,10,BLM22,FORBMONOCULTURE,2.11.d,2,11,d,1,1,,,,,,,,,,,,,,,,,,,,,,,750,
655,8_3,11,BLM22,FORBMONOCULTURE,2.16.o,2,16,o,1,1,,,,,,,,,,,,,,,,,,,,,,,750,
661,8_3,14,BLM22,FORBMONOCULTURE,3.3.e,3,3,e,1,1,,,,,,,,,,,,,,,,,,,,,,,750,
676,8_3,16,BLM22,FORBMONOCULTURE,3.5.d,3,5,d,1,1,,,,,,,,,,,,,,,,,,,,,,,750,
704,8_3,17,BLM22,FORBMONOCULTURE,3.13.p,3,13,p,1,1,,,,,,,,,,,,,,,,,,,,,,,750,
569,8_3,2,BLM23,FORBMONOCULTURE,1.2.i,1,2,i,1,1,,,,,,,,,,,750,,,,,,,,,,,,,
592,8_3,3,BLM23,FORBMONOCULTURE,1.7.p,1,7,p,1,1,,,,,,,,,,,750,,,,,,,,,,,,,
608,8_3,5,BLM23,FORBMONOCULTURE,1.15.p,1,15,p,1,1,,,,,,,,,,,750,,,,,,,,,,,,,
624,8_3,8,BLM23,FORBMONOCULTURE,2.3.p,2,3,p,1,1,,,,,,,,,,,750,,,,,,,,,,,,,
639,8_3,10,BLM23,FORBMONOCULTURE,2.11.o,2,11,o,1,1,,,,,,,,,,,750,,,,,,,,,,,,,
656,8_3,11,BLM23,FORBMONOCULTURE,2.16.p,2,16,p,1,1,,,,,,,,,,,750,,,,,,,,,,,,,
671,8_3,14,BLM23,FORBMONOCULTURE,3.3.o,3,3,o,1,1,,,,,,,,,,,750,,,,,,,,,,,,,
680,8_3,16,BLM23,FORBMONOCULTURE,3.5.h,3,5,h,1,1,,,,,,,,,,,750,,,,,,,,,,,,,
701,8_3,17,BLM23,FORBMONOCULTURE,3.13.m,3,13,m,1,1,,,,,,,,,,,750,,,,,,,,,,,,,
714,8_3,1,NW12,GRASSMONOCULTURE,1.1.j,1,1,j,1,1,,750,,,,,,,,,,,,,,,,,,,,,,
734,8_3,4,NW12,GRASSMONOCULTURE,1.11.n,1,11,n,1,1,,750,,,,,,,,,,,,,,,,,,,,,,
747,8_3,6,NW12,GRASSMONOCULTURE,1.18.k,1,18,k,1,1,,750,,,,,,,,,,,,,,,,,,,,,,
761,8_3,7,NW12,GRASSMONOCULTURE,2.1.i,2,1,i,1,1,,750,,,,,,,,,,,,,,,,,,,,,,
779,8_3,9,NW12,GRASSMONOCULTURE,2.9.k,2,9,k,1,1,,750,,,,,,,,,,,,,,,,,,,,,,
787,8_3,12,NW12,GRASSMONOCULTURE,2.17.c,2,17,c,1,1,,750,,,,,,,,,,,,,,,,,,,,,,
808,8_3,13,NW12,GRASSMONOCULTURE,3.2.h,3,2,h,1,1,,750,,,,,,,,,,,,,,,,,,,,,,
823,8_3,15,NW12,GRASSMONOCULTURE,3.4.g,3,4,g,1,1,,750,,,,,,,,,,,,,,,,,,,,,,
840,8_3,18,NW12,GRASSMONOCULTURE,3.15.h,3,15,h,1,1,,750,,,,,,,,,,,,,,,,,,,,,,
705,8_3,1,NW13,GRASSMONOCULTURE,1.1.a,1,1,a,1,1,,750,,,,,,,,,,,,,,,,,,,,,,
723,8_3,4,NW13,GRASSMONOCULTURE,1.11.c,1,11,c,1,1,,750,,,,,,,,,,,,,,,,,,,,,,
743,8_3,6,NW13,GRASSMONOCULTURE,1.18.g,1,18,g,1,1,,750,,,,,,,,,,,,,,,,,,,,,,
767,8_3,7,NW13,GRASSMONOCULTURE,2.1.o,2,1,o,1,1,,750,,,,,,,,,,,,,,,,,,,,,,
780,8_3,9,NW13,GRASSMONOCULTURE,2.9.l,2,9,l,1,1,,750,,,,,,,,,,,,,,,,,,,,,,
786,8_3,12,NW13,GRASSMONOCULTURE,2.17.b,2,17,b,1,1,,750,,,,,,,,,,,,,,,,,,,,,,
816,8_3,13,NW13,GRASSMONOCULTURE,3.2.p,3,2,p,1,1,,750,,,,,,,,,,,,,,,,,,,,,,
831,8_3,15,NW13,GRASSMONOCULTURE,3.4.o,3,4,o,1,1,,750,,,,,,,,,,,,,,,,,,,,,,
841,8_3,18,NW13,GRASSMONOCULTURE,3.15.i,3,15,i,1,1,,750,,,,,,,,,,,,,,,,,,,,,,
706,8_3,1,NW14,GRASSMONOCULTURE,1.1.b,1,1,b,1,1,,,,750,,,,,,,,,,,,,,,,,,,,
724,8_3,4,NW14,GRASSMONOCULTURE,1.11.d,1,11,d,1,1,,,,750,,,,,,,,,,,,,,,,,,,,
750,8_3,6,NW14,GRASSMONOCULTURE,1.18.n,1,18,n,1,1,,,,750,,,,,,,,,,,,,,,,,,,,
762,8_3,7,NW14,GRASSMONOCULTURE,2.1.j,2,1,j,1,1,,,,750,,,,,,,,,,,,,,,,,,,,
781,8_3,9,NW14,GRASSMONOCULTURE,2.9.m,2,9,m,1,1,,,,750,,,,,,,,,,,,,,,,,,,,
792,8_3,12,NW14,GRASSMONOCULTURE,2.17.h,2,17,h,1,1,,,,750,,,,,,,,,,,,,,,,,,,,
807,8_3,13,NW14,GRASSMONOCULTURE,3.2.g,3,2,g,1,1,,,,750,,,,,,,,,,,,,,,,,,,,
827,8_3,15,NW14,GRASSMONOCULTURE,3.4.k,3,4,k,1,1,,,,750,,,,,,,,,,,,,,,,,,,,
839,8_3,18,NW14,GRASSMONOCULTURE,3.15.g,3,15,g,1,1,,,,750,,,,,,,,,,,,,,,,,,,,
718,8_3,1,NW15,GRASSMONOCULTURE,1.1.n,1,1,n,1,1,750,,,,,,,,,,,,,,,,,,,,,,,
731,8_3,4,NW15,GRASSMONOCULTURE,1.11.k,1,11,k,1,1,750,,,,,,,,,,,,,,,,,,,,,,,
744,8_3,6,NW15,GRASSMONOCULTURE,1.18.h,1,18,h,1,1,750,,,,,,,,,,,,,,,,,,,,,,,
758,8_3,7,NW15,GRASSMONOCULTURE,2.1.f,2,1,f,1,1,750,,,,,,,,,,,,,,,,,,,,,,,
773,8_3,9,NW15,GRASSMONOCULTURE,2.9.e,2,9,e,1,1,750,,,,,,,,,,,,,,,,,,,,,,,
790,8_3,12,NW15,GRASSMONOCULTURE,2.17.f,2,17,f,1,1,750,,,,,,,,,,,,,,,,,,,,,,,
806,8_3,13,NW15,GRASSMONOCULTURE,3.2.f,3,2,f,1,1,750,,,,,,,,,,,,,,,,,,,,,,,
818,8_3,15,NW15,GRASSMONOCULTURE,3.4.b,3,4,b,1,1,750,,,,,,,,,,,,,,,,,,,,,,,
845,8_3,18,NW15,GRASSMONOCULTURE,3.15.m,3,15,m,1,1,750,,,,,,,,,,,,,,,,,,,,,,,
575,8_3,2,NW18,FORBMONOCULTURE,1.2.o,1,2,o,1,1,,,,,,,,,,,,,750,,,,,,,,,,,
591,8_3,3,NW18,FORBMONOCULTURE,1.7.o,1,7,o,1,1,,,,,,,,,,,,,750,,,,,,,,,,,
605,8_3,5,NW18,FORBMONOCULTURE,1.15.m,1,15,m,1,1,,,,,,,,,,,,,750,,,,,,,,,,,
620,8_3,8,NW18,FORBMONOCULTURE,2.3.l,2,3,l,1,1,,,,,,,,,,,,,750,,,,,,,,,,,
633,8_3,10,NW18,FORBMONOCULTURE,2.11.i,2,11,i,1,1,,,,,,,,,,,,,750,,,,,,,,,,,
642,8_3,11,NW18,FORBMONOCULTURE,2.16.b,2,16,b,1,1,,,,,,,,,,,,,750,,,,,,,,,,,
662,8_3,14,NW18,FORBMONOCULTURE,3.3.f,3,3,f,1,1,,,,,,,,,,,,,750,,,,,,,,,,,
681,8_3,16,NW18,FORBMONOCULTURE,3.5.i,3,5,i,1,1,,,,,,,,,,,,,750,,,,,,,,,,,
703,8_3,17,NW18,FORBMONOCULTURE,3.13.o,3,13,o,1,1,,,,,,,,,,,,,750,,,,,,,,,,,
564,8_3,2,NW24,FORBMONOCULTURE,1.2.d,1,2,d,1,1,,,,,,,,,,,,,,750,,,,,,,,,,
584,8_3,3,NW24,FORBMONOCULTURE,1.7.h,1,7,h,1,1,,,,,,,,,,,,,,750,,,,,,,,,,
602,8_3,5,NW24,FORBMONOCULTURE,1.15.j,1,15,j,1,1,,,,,,,,,,,,,,750,,,,,,,,,,
616,8_3,8,NW24,FORBMONOCULTURE,2.3.h,2,3,h,1,1,,,,,,,,,,,,,,750,,,,,,,,,,
635,8_3,10,NW24,FORBMONOCULTURE,2.11.k,2,11,k,1,1,,,,,,,,,,,,,,750,,,,,,,,,,
652,8_3,11,NW24,FORBMONOCULTURE,2.16.l,2,16,l,1,1,,,,,,,,,,,,,,750,,,,,,,,,,
667,8_3,14,NW24,FORBMONOCULTURE,3.3.k,3,3,k,1,1,,,,,,,,,,,,,,750,,,,,,,,,,
677,8_3,16,NW24,FORBMONOCULTURE,3.5.e,3,5,e,1,1,,,,,,,,,,,,,,750,,,,,,,,,,
690,8_3,17,NW24,FORBMONOCULTURE,3.13.b,3,13,b,1,1,,,,,,,,,,,,,,750,,,,,,,,,,
562,8_3,2,NW25,FORBMONOCULTURE,1.2.b,1,2,b,1,1,,,,,,,,,,,,,,,750,,,,,,,,,
581,8_3,3,NW25,FORBMONOCULTURE,1.7.e,1,7,e,1,1,,,,,,,,,,,,,,,750,,,,,,,,,
604,8_3,5,NW25,FORBMONOCULTURE,1.15.l,1,15,l,1,1,,,,,,,,,,,,,,,750,,,,,,,,,
622,8_3,8,NW25,FORBMONOCULTURE,2.3.n,2,3,n,1,1,,,,,,,,,,,,,,,750,,,,,,,,,
629,8_3,10,NW25,FORBMONOCULTURE,2.11.e,2,11,e,1,1,,,,,,,,,,,,,,,750,,,,,,,,,
650,8_3,11,NW25,FORBMONOCULTURE,2.16.j,2,16,j,1,1,,,,,,,,,,,,,,,750,,,,,,,,,
660,8_3,14,NW25,FORBMONOCULTURE,3.3.d,3,3,d,1,1,,,,,,,,,,,,,,,750,,,,,,,,,
685,8_3,16,NW25,FORBMONOCULTURE,3.5.m,3,5,m,1,1,,,,,,,,,,,,,,,750,,,,,,,,,
689,8_3,17,NW25,FORBMONOCULTURE,3.13.a,3,13,a,1,1,,,,,,,,,,,,,,,750,,,,,,,,,
563,8_3,2,NW26,FORBMONOCULTURE,1.2.c,1,2,c,1,1,,,,,,,,,,,,,,,,750,,,,,,,,
577,8_3,3,NW26,FORBMONOCULTURE,1.7.a,1,7,a,1,1,,,,,,,,,,,,,,,,750,,,,,,,,
603,8_3,5,NW26,FORBMONOCULTURE,1.15.k,1,15,k,1,1,,,,,,,,,,,,,,,,750,,,,,,,,
610,8_3,8,NW26,FORBMONOCULTURE,2.3.b,2,3,b,1,1,,,,,,,,,,,,,,,,750,,,,,,,,
640,8_3,10,NW26,FORBMONOCULTURE,2.11.p,2,11,p,1,1,,,,,,,,,,,,,,,,750,,,,,,,,
649,8_3,11,NW26,FORBMONOCULTURE,2.16.i,2,16,i,1,1,,,,,,,,,,,,,,,,750,,,,,,,,
669,8_3,14,NW26,FORBMONOCULTURE,3.3.m,3,3,m,1,1,,,,,,,,,,,,,,,,750,,,,,,,,
687,8_3,16,NW26,FORBMONOCULTURE,3.5.o,3,5,o,1,1,,,,,,,,,,,,,,,,750,,,,,,,,
691,8_3,17,NW26,FORBMONOCULTURE,3.13.c,3,13,c,1,1,,,,,,,,,,,,,,,,750,,,,,,,,
576,8_3,2,NW27,FORBMONOCULTURE,1.2.p,1,2,p,1,1,,,,,,,,,,,,,,,,,750,,,,,,,
583,8_3,3,NW27,FORBMONOCULTURE,1.7.g,1,7,g,1,1,,,,,,,,,,,,,,,,,750,,,,,,,
601,8_3,5,NW27,FORBMONOCULTURE,1.15.i,1,15,i,1,1,,,,,,,,,,,,,,,,,750,,,,,,,
609,8_3,8,NW27,FORBMONOCULTURE,2.3.a,2,3,a,1,1,,,,,,,,,,,,,,,,,750,,,,,,,
637,8_3,10,NW27,FORBMONOCULTURE,2.11.m,2,11,m,1,1,,,,,,,,,,,,,,,,,750,,,,,,,
654,8_3,11,NW27,FORBMONOCULTURE,2.16.n,2,16,n,1,1,,,,,,,,,,,,,,,,,750,,,,,,,
666,8_3,14,NW27,FORBMONOCULTURE,3.3.j,3,3,j,1,1,,,,,,,,,,,,,,,,,750,,,,,,,
682,8_3,16,NW27,FORBMONOCULTURE,3.5.j,3,5,j,1,1,,,,,,,,,,,,,,,,,750,,,,,,,
696,8_3,17,NW27,FORBMONOCULTURE,3.13.h,3,13,h,1,1,,,,,,,,,,,,,,,,,750,,,,,,,
566,8_3,2,NW28,FORBMONOCULTURE,1.2.f,1,2,f,1,1,,,,,,,,,,,,,,,,,,750,,,,,,
589,8_3,3,NW28,FORBMONOCULTURE,1.7.m,1,7,m,1,1,,,,,,,,,,,,,,,,,,750,,,,,,
598,8_3,5,NW28,FORBMONOCULTURE,1.15.f,1,15,f,1,1,,,,,,,,,,,,,,,,,,750,,,,,,
618,8_3,8,NW28,FORBMONOCULTURE,2.3.j,2,3,j,1,1,,,,,,,,,,,,,,,,,,750,,,,,,
630,8_3,10,NW28,FORBMONOCULTURE,2.11.f,2,11,f,1,1,,,,,,,,,,,,,,,,,,750,,,,,,
647,8_3,11,NW28,FORBMONOCULTURE,2.16.g,2,16,g,1,1,,,,,,,,,,,,,,,,,,750,,,,,,
670,8_3,14,NW28,FORBMONOCULTURE,3.3.n,3,3,n,1,1,,,,,,,,,,,,,,,,,,750,,,,,,
678,8_3,16,NW28,FORBMONOCULTURE,3.5.f,3,5,f,1,1,,,,,,,,,,,,,,,,,,750,,,,,,
702,8_3,17,NW28,FORBMONOCULTURE,3.13.n,3,13,n,1,1,,,,,,,,,,,,,,,,,,750,,,,,,
565,8_3,2,NW29,FORBMONOCULTURE,1.2.e,1,2,e,1,1,,,,,,,,,,,,,,,,,,,750,,,,,
579,8_3,3,NW29,FORBMONOCULTURE,1.7.c,1,7,c,1,1,,,,,,,,,,,,,,,,,,,750,,,,,
599,8_3,5,NW29,FORBMONOCULTURE,1.15.g,1,15,g,1,1,,,,,,,,,,,,,,,,,,,750,,,,,
614,8_3,8,NW29,FORBMONOCULTURE,2.3.f,2,3,f,1,1,,,,,,,,,,,,,,,,,,,750,,,,,
625,8_3,10,NW29,FORBMONOCULTURE,2.11.a,2,11,a,1,1,,,,,,,,,,,,,,,,,,,750,,,,,
644,8_3,11,NW29,FORBMONOCULTURE,2.16.d,2,16,d,1,1,,,,,,,,,,,,,,,,,,,750,,,,,
672,8_3,14,NW29,FORBMONOCULTURE,3.3.p,3,3,p,1,1,,,,,,,,,,,,,,,,,,,750,,,,,
675,8_3,16,NW29,FORBMONOCULTURE,3.5.c,3,5,c,1,1,,,,,,,,,,,,,,,,,,,750,,,,,
693,8_3,17,NW29,FORBMONOCULTURE,3.13.e,3,13,e,1,1,,,,,,,,,,,,,,,,,,,750,,,,,
567,8_3,2,NW30,FORBMONOCULTURE,1.2.g,1,2,g,1,1,,,,,,,,,,,,,,,,,,,,750,,,,
590,8_3,3,NW30,FORBMONOCULTURE,1.7.n,1,7,n,1,1,,,,,,,,,,,,,,,,,,,,750,,,,
606,8_3,5,NW30,FORBMONOCULTURE,1.15.n,1,15,n,1,1,,,,,,,,,,,,,,,,,,,,750,,,,
613,8_3,8,NW30,FORBMONOCULTURE,2.3.e,2,3,e,1,1,,,,,,,,,,,,,,,,,,,,750,,,,
636,8_3,10,NW30,FORBMONOCULTURE,2.11.l,2,11,l,1,1,,,,,,,,,,,,,,,,,,,,750,,,,
645,8_3,11,NW30,FORBMONOCULTURE,2.16.e,2,16,e,1,1,,,,,,,,,,,,,,,,,,,,750,,,,
664,8_3,14,NW30,FORBMONOCULTURE,3.3.h,3,3,h,1,1,,,,,,,,,,,,,,,,,,,,750,,,,
673,8_3,16,NW30,FORBMONOCULTURE,3.5.a,3,5,a,1,1,,,,,,,,,,,,,,,,,,,,750,,,,
695,8_3,17,NW30,FORBMONOCULTURE,3.13.g,3,13,g,1,1,,,,,,,,,,,,,,,,,,,,750,,,,
573,8_3,2,NW31,FORBMONOCULTURE,1.2.m,1,2,m,1,1,,,,,,,,,,,,,,,,,,,,,750,,,
585,8_3,3,NW31,FORBMONOCULTURE,1.7.i,1,7,i,1,1,,,,,,,,,,,,,,,,,,,,,750,,,
594,8_3,5,NW31,FORBMONOCULTURE,1.15.b,1,15,b,1,1,,,,,,,,,,,,,,,,,,,,,750,,,
615,8_3,8,NW31,FORBMONOCULTURE,2.3.g,2,3,g,1,1,,,,,,,,,,,,,,,,,,,,,750,,,
627,8_3,10,NW31,FORBMONOCULTURE,2.11.c,2,11,c,1,1,,,,,,,,,,,,,,,,,,,,,750,,,
643,8_3,11,NW31,FORBMONOCULTURE,2.16.c,2,16,c,1,1,,,,,,,,,,,,,,,,,,,,,750,,,
657,8_3,14,NW31,FORBMONOCULTURE,3.3.a,3,3,a,1,1,,,,,,,,,,,,,,,,,,,,,750,,,
688,8_3,16,NW31,FORBMONOCULTURE,3.5.p,3,5,p,1,1,,,,,,,,,,,,,,,,,,,,,750,,,
692,8_3,17,NW31,FORBMONOCULTURE,3.13.d,3,13,d,1,1,,,,,,,,,,,,,,,,,,,,,750,,,
572,8_3,2,NW32,FORBMONOCULTURE,1.2.l,1,2,l,1,1,,,,,,,,,,,,,,,,,,,,,,750,,
578,8_3,3,NW32,FORBMONOCULTURE,1.7.b,1,7,b,1,1,,,,,,,,,,,,,,,,,,,,,,750,,
597,8_3,5,NW32,FORBMONOCULTURE,1.15.e,1,15,e,1,1,,,,,,,,,,,,,,,,,,,,,,750,,
619,8_3,8,NW32,FORBMONOCULTURE,2.3.k,2,3,k,1,1,,,,,,,,,,,,,,,,,,,,,,750,,
634,8_3,10,NW32,FORBMONOCULTURE,2.11.j,2,11,j,1,1,,,,,,,,,,,,,,,,,,,,,,750,,
646,8_3,11,NW32,FORBMONOCULTURE,2.16.f,2,16,f,1,1,,,,,,,,,,,,,,,,,,,,,,750,,
665,8_3,14,NW32,FORBMONOCULTURE,3.3.i,3,3,i,1,1,,,,,,,,,,,,,,,,,,,,,,750,,
686,8_3,16,NW32,FORBMONOCULTURE,3.5.n,3,5,n,1,1,,,,,,,,,,,,,,,,,,,,,,750,,
699,8_3,17,NW32,FORBMONOCULTURE,3.13.k,3,13,k,1,1,,,,,,,,,,,,,,,,,,,,,,750,,
