schema,source_database,projectids,exported_at,table,file,row_count,column_count,sha256
grp,GAZP,1;2;3;5,2026-08-13T13:25:41-0700,project,grp_project.csv,4,7,aa5307f4def953e3f4b888d1e06997a7441bd71898d6adda8c710e8f724c0dca
grp,GAZP,1;2;3;5,2026-08-13T13:25:41-0700,project_data_accessibility,grp_project_data_accessibility.csv,4,11,9f757e2c424947e8a7f16343457baec867f139cce3a25005b8617925324ea26c
grp,GAZP,1;2;3;5,2026-08-13T13:25:41-0700,location,grp_location.csv,3,4,3e1d8034895bff838ea5bb9d6f5dcfda0b0b3a764d160e796ee653d01d655759
grp,GAZP,1;2;3;5,2026-08-13T13:25:41-0700,project_location,grp_project_location.csv,4,3,0a6bcc3cf53c99581cd3f2181a4268797f1fb1c64115c3ed142f524be6b6f290
grp,GAZP,1;2;3;5,2026-08-13T13:25:41-0700,site,grp_site.csv,199,7,5e3f458f17ff6ba5cdef6d628f1fa9dc6dc1a7368db348554a4fb468b164294a
grp,GAZP,1;2;3;5,2026-08-13T13:25:41-0700,project_site,grp_project_site.csv,199,3,32eba17deeb0f323c39c7f4fb51b132ac1deb603dfba4f129945933fb81975c8
grp,GAZP,1;2;3;5,2026-08-13T13:25:41-0700,paper,grp_paper.csv,1,6,378a7925c3d606c520a994d463b5b702f182b7340b98d6e96d19bc7ef9acda83
grp,GAZP,1;2;3;5,2026-08-13T13:25:41-0700,paper_author,grp_paper_author.csv,1,3,7e7691ed6bbc1a98e4d07c045a3332101d866f87bce6542a7ddc28249214d93a
grp,GAZP,1;2;3;5,2026-08-13T13:25:41-0700,project_paper,grp_project_paper.csv,1,4,c9a9747e76253a71d6db38a82be55c50cb306ab90dcc85b4c98506b6e1e9999e
grp,GAZP,1;2;3;5,2026-08-13T13:25:41-0700,author_contributor,grp_author_contributor.csv,3,4,5c66ea72075d90b614f216ce56bbcda9658a100b727f2bdf5e56da04b13e8c20
grp,GAZP,1;2;3;5,2026-08-13T13:25:41-0700,project_contributor,grp_project_contributor.csv,4,3,7400ec08d7cc2f3de3befb914f14c1f55fa15c42a4225f6fcaaca9fe8d513054
grp,GAZP,1;2;3;5,2026-08-13T13:25:41-0700,project_vegmetric,grp_project_vegmetric.csv,4,3,ffabda95290e061d364eb077f7f6bc54373a5f59ebec7802c11d9c8c8ea57e91
grp,GAZP,1;2;3;5,2026-08-13T13:25:41-0700,site_classification,grp_site_classification.csv,199,2,82178429b5031644c880746a0f51ad01de7c35e64a99d4bb05ad299c205b1721
grp,GAZP,1;2;3;5,2026-08-13T13:25:41-0700,site_disturbance,grp_site_disturbance.csv,199,2,8a9c70540d2dd2d94ebd571221ee4747e7a52d2a0493f2d12f1ad6fd72f541ac
grp,GAZP,1;2;3;5,2026-08-13T13:25:41-0700,site_ref_ecosystem,grp_site_ref_ecosystem.csv,199,2,5429101c5761023b5fda5b6fbe1f792ae9129c78157301ab02c8d228322ce35a
grp,GAZP,1;2;3;5,2026-08-13T13:25:41-0700,site_soil,grp_site_soil.csv,5,7,e65547f8daab25a74f4ff021b97b6a6bd0108213441e9e9d0d47fa990c27f1ad
grp,GAZP,1;2;3;5,2026-08-13T13:25:41-0700,site_invasive,grp_site_invasive.csv,5,2,cf9404ff25fb33fce9bb0b988a8e6836db11f5d759d0062ad9d781f510be7476
grp,GAZP,1;2;3;5,2026-08-13T13:25:41-0700,area,grp_area.csv,1402,9,f68272e94b4e0482e548212eba4791eb0ac799c006808b0f2424820fa2192115
grp,GAZP,1;2;3;5,2026-08-13T13:25:41-0700,treatment,grp_treatment.csv,400,10,c11a542fb0ac514f0cfdfd311fef0f4be49c6347dac8f1474bdd86789647c48b
grp,GAZP,1;2;3;5,2026-08-13T13:25:41-0700,area_treatment,grp_area_treatment.csv,3051,4,49e268f5c1aa3f4133fb28ca21c799e2e5bcd2ecb3896d983c9a53624b9f3042
grp,GAZP,1;2;3;5,2026-08-13T13:25:41-0700,treatment_application,grp_treatment_application.csv,329,2,88021d9d1f3e6d485bf99800e813016583b03e997b547563d5f186800ad014a7
grp,GAZP,1;2;3;5,2026-08-13T13:25:41-0700,treatment_cover_crop,grp_treatment_cover_crop.csv,72,6,f29132f9e3e53879bba1033cebae3c09c14134301303df6492956029cacb6e7a
grp,GAZP,1;2;3;5,2026-08-13T13:25:41-0700,treatment_erosion,grp_treatment_erosion.csv,0,2,e24ee5f6f9ebe6183b2923181eab5765eaced6c21b884af12983a6e92e6ba9ad
grp,GAZP,1;2;3;5,2026-08-13T13:25:41-0700,treatment_fertilization,grp_treatment_fertilization.csv,0,6,3f6a0f50f25b4ff129a3c558de2ae7f3a969feec4776e8062524fa538263f21c
grp,GAZP,1;2;3;5,2026-08-13T13:25:41-0700,treatment_grazer,grp_treatment_grazer.csv,11,3,6b71a81025bb585b5680ac8f6a6e2d46b76475ed498b328225f903216714d217
grp,GAZP,1;2;3;5,2026-08-13T13:25:41-0700,treatment_herbicide,grp_treatment_herbicide.csv,0,6,5733f246d6e79ad4e5efd5f7e064a288c3c50ce8f72edeeb939b64239df9cab6
grp,GAZP,1;2;3;5,2026-08-13T13:25:41-0700,treatment_invasion,grp_treatment_invasion.csv,16,2,fd527ceb8184458bf9c02f95e924f364a036eaa6cb6246fd33934a8400ab52d5
grp,GAZP,1;2;3;5,2026-08-13T13:25:41-0700,treatment_irrigation,grp_treatment_irrigation.csv,148,6,9de7ce93dd355061505e2cd85a539650d3d07c632e149d4a66ad25e85670dd76
grp,GAZP,1;2;3;5,2026-08-13T13:25:41-0700,treatment_material,grp_treatment_material.csv,0,2,e24ee5f6f9ebe6183b2923181eab5765eaced6c21b884af12983a6e92e6ba9ad
grp,GAZP,1;2;3;5,2026-08-13T13:25:41-0700,treatment_medium,grp_treatment_medium.csv,266,7,0cf1bb9901f1c674ee67cdb0760dd033d3c803b196418b4e07191e5830eb0b25
grp,GAZP,1;2;3;5,2026-08-13T13:25:41-0700,treatment_mowing,grp_treatment_mowing.csv,0,7,e7c8056ffbbf41b88815cec2f71388e19dc8b867bcca2c97e38b9513385dc6c4
grp,GAZP,1;2;3;5,2026-08-13T13:25:41-0700,treatment_prep,grp_treatment_prep.csv,324,2,5ecd12a7ecb8a6e68200bdea6e5fdb465a63361aad8109a45715809520ae5958
grp,GAZP,1;2;3;5,2026-08-13T13:25:41-0700,seed_mix,grp_seed_mix.csv,248,6,255d7f032f70db5e2dc6df3b183de0580857b92d8798b2f2bcab51474f4a1e55
grp,GAZP,1;2;3;5,2026-08-13T13:25:41-0700,seeding,grp_seeding.csv,3234,14,f759148577f20d2e99e09f8fd55c43b75fee5d16c94988000d508d2ca87584e7
grp,GAZP,1;2;3;5,2026-08-13T13:25:41-0700,seeding_pretreatment,grp_seeding_pretreatment.csv,100,2,3587acdb05330bd7fcbb64a6d3c7ac79f8414a18a82b0be2e7fe08aacbcfd0cd
grp,GAZP,1;2;3;5,2026-08-13T13:25:41-0700,veg_result,grp_veg_result.csv,4054,14,7486f0eb857d7d99f15e8dad7c25440a52c6ee97366ad05ae455afd7dceea6aa
grp,GAZP,1;2;3;5,2026-08-13T13:25:41-0700,species,grp_species.csv,66,10,be9e150e6fe534b5287aaa79de64aaaee2ec15bf843fcf6f34aef340b6caef2b
grp,GAZP,1;2;3;5,2026-08-13T13:25:41-0700,species_names,grp_species_names.csv,80,3,8d636f271a177f6970d9559e13033b50dad0865d35918d9ae8f8d54b6040c4f6
grp,GAZP,1;2;3;5,2026-08-13T13:25:41-0700,cultivar,grp_cultivar.csv,0,6,713a883269b48d94130f79b6d9c89a85d0b6ce96b183b7461174ab068c4654b7
