areaid,siteid,type,size,units,restoration_start_year,restoration_type,disturbance_end_year,parentid
1,176,plot,8,m2,2016,seeding,,
2,176,plot,8,m2,2016,seeding,,
3,176,plot,8,m2,2016,seeding,,
4,176,plot,8,m2,2016,seeding,,
5,176,plot,8,m2,2016,seeding,,
6,176,plot,8,m2,2016,seeding,,
7,176,plot,8,m2,2016,seeding,,
8,176,plot,8,m2,2016,seeding,,
9,176,plot,8,m2,2016,seeding,,
10,176,plot,8,m2,2016,seeding,,
11,176,plot,8,m2,2016,seeding,,
12,176,plot,8,m2,2016,seeding,,
13,176,plot,8,m2,2016,seeding,,
14,176,plot,8,m2,2016,seeding,,
15,176,plot,8,m2,2016,seeding,,
16,176,plot,8,m2,2016,seeding,,
17,176,plot,8,m2,2016,seeding,,
18,176,plot,8,m2,2016,seeding,,
19,176,plot,8,m2,2016,seeding,,
20,176,plot,8,m2,2016,seeding,,
21,176,plot,8,m2,2016,seeding,,
22,176,plot,8,m2,2016,seeding,,
23,176,plot,8,m2,2016,seeding,,
24,176,plot,8,m2,2016,seeding,,
25,176,plot,8,m2,2016,seeding,,
26,176,plot,8,m2,2016,seeding,,
27,176,plot,8,m2,2016,seeding,,
28,176,plot,8,m2,2016,seeding,,
29,176,plot,8,m2,2016,seeding,,
30,176,plot,8,m2,2016,seeding,,
31,176,plot,8,m2,2016,seeding,,
32,176,plot,8,m2,2016,seeding,,
33,176,plot,8,m2,2016,seeding,,
34,176,plot,8,m2,2016,seeding,,
35,176,plot,8,m2,2016,seeding,,
36,176,plot,8,m2,2016,seeding,,
37,176,plot,8,m2,2016,seeding,,
38,176,plot,8,m2,2016,seeding,,
39,176,plot,8,m2,2016,seeding,,
40,176,plot,8,m2,2016,seeding,,
41,176,plot,8,m2,2016,seeding,,
42,176,plot,8,m2,2016,seeding,,
43,176,plot,8,m2,2016,seeding,,
44,176,plot,8,m2,2016,seeding,,
45,176,plot,8,m2,2016,seeding,,
46,176,plot,8,m2,2016,seeding,,
47,176,plot,8,m2,2016,seeding,,
48,176,plot,8,m2,2016,seeding,,
49,176,plot,8,m2,2016,seeding,,
50,176,plot,8,m2,2016,seeding,,
51,176,plot,8,m2,2016,seeding,,
52,176,plot,8,m2,2016,seeding,,
53,176,plot,8,m2,2016,seeding,,
54,176,plot,8,m2,2016,seeding,,
55,176,plot,8,m2,2016,seeding,,
56,176,plot,8,m2,2016,seeding,,
57,176,plot,8,m2,2016,seeding,,
58,176,plot,8,m2,2016,seeding,,
59,176,plot,8,m2,2016,seeding,,
60,176,plot,8,m2,2016,seeding,,
61,176,plot,8,m2,2016,seeding,,
62,176,plot,8,m2,2016,seeding,,
63,176,plot,8,m2,2016,seeding,,
64,176,plot,8,m2,2016,seeding,,
65,176,plot,8,m2,2016,seeding,,
66,176,plot,8,m2,2016,seeding,,
67,176,plot,8,m2,2016,seeding,,
68,176,plot,8,m2,2016,seeding,,
69,176,plot,8,m2,2016,seeding,,
70,176,plot,8,m2,2016,seeding,,
71,176,plot,8,m2,2016,seeding,,
72,176,plot,8,m2,2016,seeding,,
73,176,plot,8,m2,2016,seeding,,
74,176,plot,8,m2,2016,seeding,,
75,176,plot,8,m2,2016,seeding,,
76,176,plot,8,m2,2016,seeding,,
77,176,plot,8,m2,2016,seeding,,
78,176,plot,8,m2,2016,seeding,,
79,176,plot,8,m2,2016,seeding,,
80,176,plot,8,m2,2016,seeding,,
81,176,plot,8,m2,2016,seeding,,
82,176,plot,8,m2,2016,seeding,,
83,176,plot,8,m2,2016,seeding,,
84,176,plot,8,m2,2016,seeding,,
85,176,plot,8,m2,2016,seeding,,
86,176,plot,8,m2,2016,seeding,,
87,176,plot,8,m2,2016,seeding,,
88,176,plot,8,m2,2016,seeding,,
89,176,plot,8,m2,2016,seeding,,
90,176,plot,8,m2,2016,seeding,,
91,176,plot,8,m2,2016,seeding,,
92,176,plot,8,m2,2016,seeding,,
93,176,plot,8,m2,2016,seeding,,
94,176,plot,8,m2,2016,seeding,,
95,176,plot,8,m2,2016,seeding,,
96,176,plot,8,m2,2016,seeding,,
97,176,plot,8,m2,2016,seeding,,
98,176,plot,8,m2,2016,seeding,,
99,176,plot,8,m2,2016,seeding,,
100,176,plot,8,m2,2016,seeding,,
101,176,plot,8,m2,2016,seeding,,
102,176,plot,8,m2,2016,seeding,,
103,176,plot,8,m2,2016,seeding,,
104,176,plot,8,m2,2016,seeding,,
105,176,plot,8,m2,2016,seeding,,
106,176,plot,8,m2,2016,seeding,,
107,176,plot,8,m2,2016,seeding,,
108,176,plot,8,m2,2016,seeding,,
109,176,plot,8,m2,2016,seeding,,
110,176,plot,8,m2,2016,seeding,,
111,176,plot,8,m2,2016,seeding,,
112,176,plot,8,m2,2016,seeding,,
113,176,plot,8,m2,2016,seeding,,
114,176,plot,8,m2,2016,seeding,,
115,176,plot,8,m2,2016,seeding,,
116,176,plot,8,m2,2016,seeding,,
117,176,plot,8,m2,2016,seeding,,
118,176,plot,8,m2,2016,seeding,,
119,176,plot,8,m2,2016,seeding,,
120,176,plot,8,m2,2016,seeding,,
121,176,plot,8,m2,2016,seeding,,
122,176,plot,8,m2,2016,seeding,,
123,176,plot,8,m2,2016,seeding,,
124,176,plot,8,m2,2016,seeding,,
125,176,plot,8,m2,2016,seeding,,
126,176,plot,8,m2,2016,seeding,,
127,176,plot,8,m2,2016,seeding,,
128,176,plot,8,m2,2016,seeding,,
129,176,plot,8,m2,2016,seeding,,
130,176,plot,8,m2,2016,seeding,,
131,176,plot,8,m2,2016,seeding,,
132,176,plot,8,m2,2016,seeding,,
133,176,plot,8,m2,2016,seeding,,
134,176,plot,8,m2,2016,seeding,,
135,176,plot,8,m2,2016,seeding,,
136,176,plot,8,m2,2016,seeding,,
137,176,plot,8,m2,2016,seeding,,
138,176,plot,8,m2,2016,seeding,,
139,176,plot,8,m2,2016,seeding,,
140,176,plot,8,m2,2016,seeding,,
141,176,plot,8,m2,2016,seeding,,
142,176,plot,8,m2,2016,seeding,,
143,176,plot,8,m2,2016,seeding,,
144,176,plot,8,m2,2016,seeding,,
145,176,plot,8,m2,2016,seeding,,
146,176,plot,8,m2,2016,seeding,,
147,176,plot,8,m2,2016,seeding,,
148,176,plot,8,m2,2016,seeding,,
149,176,plot,8,m2,2016,seeding,,
150,176,plot,8,m2,2016,seeding,,
151,176,plot,8,m2,2016,seeding,,
152,176,plot,8,m2,2016,seeding,,
153,176,plot,8,m2,2016,seeding,,
154,176,plot,8,m2,2016,seeding,,
155,176,plot,8,m2,2016,seeding,,
156,176,plot,8,m2,2016,seeding,,
157,176,plot,8,m2,2016,seeding,,
158,176,plot,8,m2,2016,seeding,,
159,176,plot,8,m2,2016,seeding,,
160,176,plot,8,m2,2016,seeding,,
161,176,plot,8,m2,2016,seeding,,
162,176,plot,8,m2,2016,seeding,,
163,176,plot,8,m2,2016,seeding,,
164,176,plot,8,m2,2016,seeding,,
165,176,plot,8,m2,2016,seeding,,
166,176,plot,8,m2,2016,seeding,,
167,176,plot,8,m2,2016,seeding,,
168,176,plot,8,m2,2016,seeding,,
169,176,plot,8,m2,2016,seeding,,
170,176,plot,8,m2,2016,seeding,,
171,176,plot,8,m2,2016,seeding,,
172,176,plot,8,m2,2016,seeding,,
173,176,plot,8,m2,2016,seeding,,
174,176,plot,8,m2,2016,seeding,,
175,176,plot,8,m2,2016,seeding,,
176,176,plot,8,m2,2016,seeding,,
177,176,plot,8,m2,2016,seeding,,
178,176,plot,8,m2,2016,seeding,,
179,176,plot,8,m2,2016,seeding,,
180,176,plot,8,m2,2016,seeding,,
181,176,plot,8,m2,2016,seeding,,
182,176,plot,8,m2,2016,seeding,,
183,176,plot,8,m2,2016,seeding,,
184,176,plot,8,m2,2016,seeding,,
185,176,plot,8,m2,2016,seeding,,
186,176,plot,8,m2,2016,seeding,,
187,176,plot,8,m2,2016,seeding,,
188,176,plot,8,m2,2016,seeding,,
189,176,plot,8,m2,2016,seeding,,
190,176,plot,8,m2,2016,seeding,,
191,176,plot,8,m2,2016,seeding,,
192,176,plot,8,m2,2016,seeding,,
193,176,plot,8,m2,2016,seeding,,
194,176,plot,8,m2,2016,seeding,,
195,176,plot,8,m2,2016,seeding,,
196,176,plot,8,m2,2016,seeding,,
197,176,plot,8,m2,2016,seeding,,
198,176,plot,8,m2,2016,seeding,,
199,176,plot,8,m2,2016,seeding,,
200,176,plot,8,m2,2016,seeding,,
201,176,plot,8,m2,2016,seeding,,
202,176,plot,8,m2,2016,seeding,,
203,176,plot,8,m2,2016,seeding,,
204,176,plot,8,m2,2016,seeding,,
205,176,plot,8,m2,2016,seeding,,
206,176,plot,8,m2,2016,seeding,,
207,176,plot,8,m2,2016,seeding,,
208,176,plot,8,m2,2016,seeding,,
209,176,plot,8,m2,2016,seeding,,
210,176,plot,8,m2,2016,seeding,,
211,176,plot,8,m2,2016,seeding,,
212,176,plot,8,m2,2016,seeding,,
213,176,plot,8,m2,2016,seeding,,
214,176,plot,8,m2,2016,seeding,,
215,176,plot,8,m2,2016,seeding,,
216,176,plot,8,m2,2016,seeding,,
217,176,plot,8,m2,2016,seeding,,
218,176,plot,8,m2,2016,seeding,,
219,176,plot,8,m2,2016,seeding,,
220,176,plot,8,m2,2016,seeding,,
221,176,plot,8,m2,2016,seeding,,
222,176,plot,8,m2,2016,seeding,,
223,176,plot,8,m2,2016,seeding,,
224,176,plot,8,m2,2016,seeding,,
225,176,plot,8,m2,2016,seeding,,
226,176,plot,8,m2,2016,seeding,,
227,176,plot,8,m2,2016,seeding,,
228,176,plot,8,m2,2016,seeding,,
229,176,plot,8,m2,2016,seeding,,
230,176,plot,8,m2,2016,seeding,,
231,176,plot,8,m2,2016,seeding,,
232,176,plot,8,m2,2016,seeding,,
233,176,plot,8,m2,2016,seeding,,
234,176,plot,8,m2,2016,seeding,,
235,176,plot,8,m2,2016,seeding,,
236,176,plot,8,m2,2016,seeding,,
237,176,plot,8,m2,2016,seeding,,
238,176,plot,8,m2,2016,seeding,,
239,176,plot,8,m2,2016,seeding,,
240,176,plot,8,m2,2016,seeding,,
241,176,plot,8,m2,2016,seeding,,
242,176,plot,8,m2,2016,seeding,,
243,176,plot,8,m2,2016,seeding,,
244,176,plot,8,m2,2016,seeding,,
245,176,plot,8,m2,2016,seeding,,
246,176,plot,8,m2,2016,seeding,,
247,176,plot,8,m2,2016,seeding,,
248,176,plot,8,m2,2016,seeding,,
249,176,plot,8,m2,2016,seeding,,
250,176,plot,8,m2,2016,seeding,,
251,176,plot,8,m2,2016,seeding,,
252,176,plot,8,m2,2016,seeding,,
253,176,plot,8,m2,2016,seeding,,
254,176,plot,8,m2,2016,seeding,,
255,176,plot,8,m2,2016,seeding,,
256,176,plot,8,m2,2016,seeding,,
257,176,plot,8,m2,2016,seeding,,
258,176,plot,8,m2,2016,seeding,,
259,176,plot,8,m2,2016,seeding,,
260,176,plot,8,m2,2016,seeding,,
261,176,plot,8,m2,2016,seeding,,
262,176,plot,8,m2,2016,seeding,,
263,176,plot,8,m2,2016,seeding,,
264,176,plot,8,m2,2016,seeding,,
265,176,plot,8,m2,2016,seeding,,
266,176,plot,8,m2,2016,seeding,,
267,176,plot,8,m2,2016,seeding,,
268,176,plot,8,m2,2016,seeding,,
269,176,plot,8,m2,2016,seeding,,
270,176,plot,8,m2,2016,seeding,,
271,176,plot,8,m2,2016,seeding,,
272,176,plot,8,m2,2016,seeding,,
273,176,plot,8,m2,2016,seeding,,
274,176,plot,8,m2,2016,seeding,,
275,176,plot,8,m2,2016,seeding,,
276,176,plot,8,m2,2016,seeding,,
277,176,plot,8,m2,2016,seeding,,
278,176,plot,8,m2,2016,seeding,,
279,176,plot,8,m2,2016,seeding,,
280,176,plot,8,m2,2016,seeding,,
281,176,plot,8,m2,2016,seeding,,
282,176,plot,8,m2,2016,seeding,,
283,176,plot,8,m2,2016,seeding,,
284,176,plot,8,m2,2016,seeding,,
285,176,plot,8,m2,2016,seeding,,
286,176,plot,8,m2,2016,seeding,,
287,176,plot,8,m2,2016,seeding,,
288,176,plot,8,m2,2016,seeding,,
289,176,plot,8,m2,2016,seeding,,
290,176,plot,8,m2,2016,seeding,,
291,176,plot,8,m2,2016,seeding,,
292,176,plot,8,m2,2016,seeding,,
293,176,plot,8,m2,2016,seeding,,
294,176,plot,8,m2,2016,seeding,,
295,176,plot,8,m2,2016,seeding,,
296,176,plot,8,m2,2016,seeding,,
297,176,plot,8,m2,2016,seeding,,
298,176,plot,8,m2,2016,seeding,,
299,176,plot,8,m2,2016,seeding,,
300,176,plot,8,m2,2016,seeding,,
301,176,plot,8,m2,2016,seeding,,
302,176,plot,8,m2,2016,seeding,,
303,176,plot,8,m2,2016,seeding,,
304,176,plot,8,m2,2016,seeding,,
305,176,plot,8,m2,2016,seeding,,
306,176,plot,8,m2,2016,seeding,,
307,176,plot,8,m2,2016,seeding,,
308,176,plot,8,m2,2016,seeding,,
309,176,plot,8,m2,2016,seeding,,
310,176,plot,8,m2,2016,seeding,,
311,176,plot,8,m2,2016,seeding,,
312,176,plot,8,m2,2016,seeding,,
313,176,plot,8,m2,2016,seeding,,
314,176,plot,8,m2,2016,seeding,,
315,176,plot,8,m2,2016,seeding,,
316,176,plot,8,m2,2016,seeding,,
317,176,plot,8,m2,2016,seeding,,
318,176,plot,8,m2,2016,seeding,,
319,176,plot,8,m2,2016,seeding,,
320,176,plot,8,m2,2016,seeding,,
321,176,plot,8,m2,2016,seeding,,
322,176,plot,8,m2,2016,seeding,,
323,176,plot,8,m2,2016,seeding,,
324,176,plot,8,m2,2016,seeding,,
325,176,plot,8,m2,2016,seeding,,
326,176,plot,8,m2,2016,seeding,,
327,176,plot,8,m2,2016,seeding,,
328,176,plot,8,m2,2016,seeding,,
329,176,plot,8,m2,2016,seeding,,
330,176,plot,8,m2,2016,seeding,,
331,176,plot,8,m2,2016,seeding,,
332,176,plot,8,m2,2016,seeding,,
333,176,plot,8,m2,2016,seeding,,
334,176,plot,8,m2,2016,seeding,,
335,176,plot,8,m2,2016,seeding,,
336,176,plot,8,m2,2016,seeding,,
337,176,plot,8,m2,2016,seeding,,
338,176,plot,8,m2,2016,seeding,,
339,176,plot,8,m2,2016,seeding,,
340,176,plot,8,m2,2016,seeding,,
341,176,plot,8,m2,2016,seeding,,
342,176,plot,8,m2,2016,seeding,,
343,176,plot,8,m2,2016,seeding,,
344,176,plot,8,m2,2016,seeding,,
345,176,plot,8,m2,2016,seeding,,
346,176,plot,8,m2,2016,seeding,,
347,176,plot,8,m2,2016,seeding,,
348,176,plot,8,m2,2016,seeding,,
349,176,plot,8,m2,2016,seeding,,
350,176,plot,8,m2,2016,seeding,,
351,176,plot,8,m2,2016,seeding,,
352,176,plot,8,m2,2016,seeding,,
353,176,plot,8,m2,2016,seeding,,
354,176,plot,8,m2,2016,seeding,,
355,176,plot,8,m2,2016,seeding,,
356,176,plot,8,m2,2016,seeding,,
357,176,plot,8,m2,2016,seeding,,
358,176,plot,8,m2,2016,seeding,,
359,176,plot,8,m2,2016,seeding,,
360,176,plot,8,m2,2016,seeding,,
361,176,plot,8,m2,2016,seeding,,
362,176,plot,8,m2,2016,seeding,,
363,176,plot,8,m2,2016,seeding,,
364,176,plot,8,m2,2016,seeding,,
365,176,plot,8,m2,2016,seeding,,
366,176,plot,8,m2,2016,seeding,,
367,176,plot,8,m2,2016,seeding,,
368,176,plot,8,m2,2016,seeding,,
369,176,plot,8,m2,2016,seeding,,
370,176,plot,8,m2,2016,seeding,,
371,176,plot,8,m2,2016,seeding,,
372,176,plot,8,m2,2016,seeding,,
373,176,plot,8,m2,2016,seeding,,
374,176,plot,8,m2,2016,seeding,,
375,176,plot,8,m2,2016,seeding,,
376,176,plot,8,m2,2016,seeding,,
377,176,plot,8,m2,2016,seeding,,
378,176,plot,8,m2,2016,seeding,,
379,176,plot,8,m2,2016,seeding,,
380,176,plot,8,m2,2016,seeding,,
381,176,plot,8,m2,2016,seeding,,
382,176,plot,8,m2,2016,seeding,,
383,176,plot,8,m2,2016,seeding,,
384,176,plot,8,m2,2016,seeding,,
385,176,plot,8,m2,2016,seeding,,
386,176,plot,8,m2,2016,seeding,,
387,176,plot,8,m2,2016,seeding,,
388,176,plot,8,m2,2016,seeding,,
389,176,plot,8,m2,2016,seeding,,
390,176,plot,8,m2,2016,seeding,,
391,176,plot,8,m2,2016,seeding,,
392,176,plot,8,m2,2016,seeding,,
393,176,plot,8,m2,2016,seeding,,
394,176,plot,8,m2,2016,seeding,,
395,176,plot,8,m2,2016,seeding,,
396,176,plot,8,m2,2016,seeding,,
397,176,plot,8,m2,2016,seeding,,
398,176,plot,8,m2,2016,seeding,,
399,176,plot,8,m2,2016,seeding,,
400,176,plot,8,m2,2016,seeding,,
401,176,plot,8,m2,2016,seeding,,
402,176,plot,8,m2,2016,seeding,,
403,176,plot,8,m2,2016,seeding,,
404,176,plot,8,m2,2016,seeding,,
405,176,plot,8,m2,2016,seeding,,
406,176,plot,8,m2,2016,seeding,,
407,176,plot,8,m2,2016,seeding,,
408,176,plot,8,m2,2016,seeding,,
409,176,plot,8,m2,2016,seeding,,
410,176,plot,8,m2,2016,seeding,,
411,176,plot,8,m2,2016,seeding,,
412,176,plot,8,m2,2016,seeding,,
413,176,plot,8,m2,2016,seeding,,
414,176,plot,8,m2,2016,seeding,,
415,176,plot,8,m2,2016,seeding,,
416,176,plot,8,m2,2016,seeding,,
417,176,plot,8,m2,2016,seeding,,
418,176,plot,8,m2,2016,seeding,,
419,176,plot,8,m2,2016,seeding,,
420,176,plot,8,m2,2016,seeding,,
421,176,plot,8,m2,2016,seeding,,
422,176,plot,8,m2,2016,seeding,,
423,176,plot,8,m2,2016,seeding,,
424,176,plot,8,m2,2016,seeding,,
425,176,plot,8,m2,2016,seeding,,
426,176,plot,8,m2,2016,seeding,,
427,176,plot,8,m2,2016,seeding,,
428,176,plot,8,m2,2016,seeding,,
429,176,plot,8,m2,2016,seeding,,
430,176,plot,8,m2,2016,seeding,,
431,176,plot,8,m2,2016,seeding,,
432,176,plot,8,m2,2016,seeding,,
433,176,plot,8,m2,2016,seeding,,
434,176,plot,8,m2,2016,seeding,,
435,176,plot,8,m2,2016,seeding,,
436,176,plot,8,m2,2016,seeding,,
437,176,plot,8,m2,2016,seeding,,
438,176,plot,8,m2,2016,seeding,,
439,176,plot,8,m2,2016,seeding,,
440,176,plot,8,m2,2016,seeding,,
441,176,plot,8,m2,2016,seeding,,
442,176,plot,8,m2,2016,seeding,,
443,176,plot,8,m2,2016,seeding,,
444,176,plot,8,m2,2016,seeding,,
445,176,plot,8,m2,2016,seeding,,
446,176,plot,8,m2,2016,seeding,,
447,176,plot,8,m2,2016,seeding,,
448,176,plot,8,m2,2016,seeding,,
449,176,plot,8,m2,2016,seeding,,
450,176,plot,8,m2,2016,seeding,,
451,176,plot,8,m2,2016,seeding,,
452,176,plot,8,m2,2016,seeding,,
453,176,plot,8,m2,2016,seeding,,
454,176,plot,8,m2,2016,seeding,,
455,176,plot,8,m2,2016,seeding,,
456,176,plot,8,m2,2016,seeding,,
457,176,plot,8,m2,2016,seeding,,
458,176,plot,8,m2,2016,seeding,,
459,176,plot,8,m2,2016,seeding,,
460,176,plot,8,m2,2016,seeding,,
461,176,plot,8,m2,2016,seeding,,
462,176,plot,8,m2,2016,seeding,,
463,176,plot,8,m2,2016,seeding,,
464,176,plot,8,m2,2016,seeding,,
465,176,plot,8,m2,2016,seeding,,
466,176,plot,8,m2,2016,seeding,,
467,176,plot,8,m2,2016,seeding,,
468,176,plot,8,m2,2016,seeding,,
469,176,plot,8,m2,2016,seeding,,
470,176,plot,8,m2,2016,seeding,,
471,176,plot,8,m2,2016,seeding,,
472,176,plot,8,m2,2016,seeding,,
473,176,plot,8,m2,2016,seeding,,
474,176,plot,8,m2,2016,seeding,,
475,176,plot,8,m2,2016,seeding,,
476,176,plot,8,m2,2016,seeding,,
477,176,plot,8,m2,2016,seeding,,
478,176,plot,8,m2,2016,seeding,,
479,176,plot,8,m2,2016,seeding,,
480,176,plot,8,m2,2016,seeding,,
481,176,plot,8,m2,2016,seeding,,
482,176,plot,8,m2,2016,seeding,,
483,176,plot,8,m2,2016,seeding,,
484,176,plot,8,m2,2016,seeding,,
485,176,plot,8,m2,2016,seeding,,
486,176,plot,8,m2,2016,seeding,,
487,176,plot,8,m2,2016,seeding,,
488,176,plot,8,m2,2016,seeding,,
489,176,plot,8,m2,2016,seeding,,
490,176,plot,8,m2,2016,seeding,,
491,176,plot,8,m2,2016,seeding,,
492,176,plot,8,m2,2016,seeding,,
493,176,plot,8,m2,2016,seeding,,
494,176,plot,8,m2,2016,seeding,,
495,176,plot,8,m2,2016,seeding,,
496,176,plot,8,m2,2016,seeding,,
497,176,plot,8,m2,2016,seeding,,
498,176,plot,8,m2,2016,seeding,,
499,176,plot,8,m2,2016,seeding,,
500,176,plot,8,m2,2016,seeding,,
501,176,plot,8,m2,2016,seeding,,
502,176,plot,8,m2,2016,seeding,,
503,176,plot,8,m2,2016,seeding,,
504,176,plot,8,m2,2016,seeding,,
505,176,plot,8,m2,2016,seeding,,
506,176,plot,8,m2,2016,seeding,,
507,176,plot,8,m2,2016,seeding,,
508,176,plot,8,m2,2016,seeding,,
509,176,plot,8,m2,2016,seeding,,
510,176,plot,8,m2,2016,seeding,,
511,176,plot,8,m2,2016,seeding,,
512,176,plot,8,m2,2016,seeding,,
513,176,plot,8,m2,2016,seeding,,
514,176,plot,8,m2,2016,seeding,,
515,176,plot,8,m2,2016,seeding,,
516,176,plot,8,m2,2016,seeding,,
517,176,plot,8,m2,2016,seeding,,
518,176,plot,8,m2,2016,seeding,,
519,176,plot,8,m2,2016,seeding,,
520,176,plot,8,m2,2016,seeding,,
521,176,plot,8,m2,2016,seeding,,
522,176,plot,8,m2,2016,seeding,,
523,176,plot,8,m2,2016,seeding,,
524,176,plot,8,m2,2016,seeding,,
525,176,plot,8,m2,2016,seeding,,
526,176,plot,8,m2,2016,seeding,,
527,176,plot,8,m2,2016,seeding,,
528,176,plot,8,m2,2016,seeding,,
529,176,plot,8,m2,2016,seeding,,
530,176,plot,8,m2,2016,seeding,,
531,176,plot,8,m2,2016,seeding,,
532,176,plot,8,m2,2016,seeding,,
533,176,plot,8,m2,2016,seeding,,
534,176,plot,8,m2,2016,seeding,,
535,176,plot,8,m2,2016,seeding,,
536,176,plot,8,m2,2016,seeding,,
537,176,plot,8,m2,2016,seeding,,
538,176,plot,8,m2,2016,seeding,,
539,176,plot,8,m2,2016,seeding,,
540,176,plot,8,m2,2016,seeding,,
541,176,plot,8,m2,2016,seeding,,
542,176,plot,8,m2,2016,seeding,,
543,176,plot,8,m2,2016,seeding,,
544,176,plot,8,m2,2016,seeding,,
545,176,plot,8,m2,2016,seeding,,
546,176,plot,8,m2,2016,seeding,,
547,176,plot,8,m2,2016,seeding,,
548,176,plot,8,m2,2016,seeding,,
549,176,plot,8,m2,2016,seeding,,
550,176,plot,8,m2,2016,seeding,,
551,176,plot,8,m2,2016,seeding,,
552,176,plot,8,m2,2016,seeding,,
553,176,plot,8,m2,2016,seeding,,
554,176,plot,8,m2,2016,seeding,,
555,176,plot,8,m2,2016,seeding,,
556,176,plot,8,m2,2016,seeding,,
557,176,plot,8,m2,2016,seeding,,
558,176,plot,8,m2,2016,seeding,,
559,176,plot,8,m2,2016,seeding,,
560,176,plot,8,m2,2016,seeding,,
561,176,plot,8,m2,2016,seeding,,
562,176,plot,8,m2,2016,seeding,,
563,176,plot,8,m2,2016,seeding,,
564,176,plot,8,m2,2016,seeding,,
565,176,plot,8,m2,2016,seeding,,
566,176,plot,8,m2,2016,seeding,,
567,176,plot,8,m2,2016,seeding,,
568,176,plot,8,m2,2016,seeding,,
569,176,plot,8,m2,2016,seeding,,
570,176,plot,8,m2,2016,seeding,,
571,176,plot,8,m2,2016,seeding,,
572,176,plot,8,m2,2016,seeding,,
573,176,plot,8,m2,2016,seeding,,
574,176,plot,8,m2,2016,seeding,,
575,176,plot,8,m2,2016,seeding,,
576,176,plot,8,m2,2016,seeding,,
577,176,plot,8,m2,2016,seeding,,
578,176,plot,8,m2,2016,seeding,,
579,176,plot,8,m2,2016,seeding,,
580,176,plot,8,m2,2016,seeding,,
581,176,plot,8,m2,2016,seeding,,
582,176,plot,8,m2,2016,seeding,,
583,176,plot,8,m2,2016,seeding,,
584,176,plot,8,m2,2016,seeding,,
585,176,plot,8,m2,2016,seeding,,
586,176,plot,8,m2,2016,seeding,,
587,176,plot,8,m2,2016,seeding,,
588,176,plot,8,m2,2016,seeding,,
589,176,plot,8,m2,2016,seeding,,
590,176,plot,8,m2,2016,seeding,,
591,176,plot,8,m2,2016,seeding,,
592,176,plot,8,m2,2016,seeding,,
593,176,plot,8,m2,2016,seeding,,
594,176,plot,8,m2,2016,seeding,,
595,176,plot,8,m2,2016,seeding,,
596,176,plot,8,m2,2016,seeding,,
597,176,plot,8,m2,2016,seeding,,
598,176,plot,8,m2,2016,seeding,,
599,176,plot,8,m2,2016,seeding,,
600,176,plot,8,m2,2016,seeding,,
601,176,plot,8,m2,2016,seeding,,
602,176,plot,8,m2,2016,seeding,,
603,176,plot,8,m2,2016,seeding,,
604,176,plot,8,m2,2016,seeding,,
605,176,plot,8,m2,2016,seeding,,
606,176,plot,8,m2,2016,seeding,,
607,176,plot,8,m2,2016,seeding,,
608,176,plot,8,m2,2016,seeding,,
609,176,plot,8,m2,2016,seeding,,
610,176,plot,8,m2,2016,seeding,,
611,176,plot,8,m2,2016,seeding,,
612,176,plot,8,m2,2016,seeding,,
613,176,plot,8,m2,2016,seeding,,
614,176,plot,8,m2,2016,seeding,,
615,176,plot,8,m2,2016,seeding,,
616,176,plot,8,m2,2016,seeding,,
617,176,plot,8,m2,2016,seeding,,
618,176,plot,8,m2,2016,seeding,,
619,176,plot,8,m2,2016,seeding,,
620,176,plot,8,m2,2016,seeding,,
621,176,plot,8,m2,2016,seeding,,
622,176,plot,8,m2,2016,seeding,,
623,176,plot,8,m2,2016,seeding,,
624,176,plot,8,m2,2016,seeding,,
625,176,plot,8,m2,2016,seeding,,
626,172,plot,1,m2,2007,passive,,
627,172,plot,1,m2,2007,passive,,
628,172,plot,1,m2,2007,passive,,
629,172,plot,1,m2,2007,passive,,
630,172,plot,1,m2,2007,passive,,
631,172,plot,1,m2,2007,passive,,
632,172,plot,1,m2,2007,passive,,
633,172,plot,1,m2,2007,passive,,
634,173,plot,1,m2,2007,passive,,
635,173,plot,1,m2,2007,passive,,
636,173,plot,1,m2,2007,passive,,
637,173,plot,1,m2,2007,passive,,
638,173,plot,1,m2,2007,passive,,
639,173,plot,1,m2,2007,passive,,
640,173,plot,1,m2,2007,passive,,
641,173,plot,1,m2,2007,passive,,
642,173,plot,1,m2,2007,seeding,,
643,173,plot,1,m2,2007,seeding,,
644,173,plot,1,m2,2007,seeding,,
645,173,plot,1,m2,2007,seeding,,
646,173,plot,1,m2,2007,seeding,,
647,173,plot,1,m2,2007,seeding,,
648,173,plot,1,m2,2007,seeding,,
649,173,plot,1,m2,2007,seeding,,
650,173,plot,1,m2,2007,seeding,,
651,173,plot,1,m2,2007,seeding,,
652,173,plot,1,m2,2007,seeding,,
653,173,plot,1,m2,2007,seeding,,
654,173,plot,1,m2,2007,seeding,,
655,173,plot,1,m2,2007,seeding,,
656,173,plot,1,m2,2007,seeding,,
657,173,plot,1,m2,2007,seeding,,
658,173,plot,1,m2,2007,seeding,,
659,173,plot,1,m2,2007,seeding,,
660,173,plot,1,m2,2007,seeding,,
661,173,plot,1,m2,2007,seeding,,
662,173,plot,1,m2,2007,seeding,,
663,173,plot,1,m2,2007,seeding,,
664,173,plot,1,m2,2007,seeding,,
665,173,plot,1,m2,2007,seeding,,
666,173,plot,1,m2,2007,seeding,,
667,173,plot,1,m2,2007,seeding,,
668,173,plot,1,m2,2007,seeding,,
669,173,plot,1,m2,2007,seeding,,
670,173,plot,1,m2,2007,seeding,,
671,173,plot,1,m2,2007,seeding,,
672,173,plot,1,m2,2007,seeding,,
673,173,plot,1,m2,2007,seeding,,
674,173,plot,1,m2,2007,seeding,,
675,173,plot,1,m2,2007,seeding,,
676,173,plot,1,m2,2007,seeding,,
677,173,plot,1,m2,2007,seeding,,
678,173,plot,1,m2,2007,seeding,,
679,173,plot,1,m2,2007,seeding,,
680,173,plot,1,m2,2007,seeding,,
681,173,plot,1,m2,2007,seeding,,
682,173,plot,1,m2,2007,seeding,,
683,173,plot,1,m2,2007,seeding,,
684,173,plot,1,m2,2007,seeding,,
685,173,plot,1,m2,2007,seeding,,
686,173,plot,1,m2,2007,seeding,,
687,173,plot,1,m2,2007,seeding,,
688,173,plot,1,m2,2007,seeding,,
689,173,plot,1,m2,2007,seeding,,
690,173,plot,1,m2,2007,seeding,,
691,173,plot,1,m2,2007,seeding,,
692,173,plot,1,m2,2007,seeding,,
693,173,plot,1,m2,2007,seeding,,
694,173,plot,1,m2,2007,seeding,,
695,173,plot,1,m2,2007,seeding,,
696,173,plot,1,m2,2007,seeding,,
697,173,plot,1,m2,2007,seeding,,
698,173,plot,1,m2,2007,seeding,,
699,173,plot,1,m2,2007,seeding,,
700,173,plot,1,m2,2007,seeding,,
701,173,plot,1,m2,2007,seeding,,
702,173,plot,1,m2,2007,seeding,,
703,173,plot,1,m2,2007,seeding,,
704,173,plot,1,m2,2007,seeding,,
705,173,plot,1,m2,2007,seeding,,
706,174,plot,1,m2,2007,passive,,
707,174,plot,1,m2,2007,passive,,
708,174,plot,1,m2,2007,passive,,
709,174,plot,1,m2,2007,passive,,
710,174,plot,1,m2,2007,passive,,
711,174,plot,1,m2,2007,passive,,
712,174,plot,1,m2,2007,passive,,
713,174,plot,1,m2,2007,passive,,
714,172,plot,1,m2,2007,seeding,,
715,172,plot,1,m2,2007,seeding,,
716,172,plot,1,m2,2007,seeding,,
717,172,plot,1,m2,2007,seeding,,
718,172,plot,1,m2,2007,seeding,,
719,172,plot,1,m2,2007,seeding,,
720,172,plot,1,m2,2007,seeding,,
721,172,plot,1,m2,2007,seeding,,
722,174,plot,1,m2,2007,seeding,,
723,174,plot,1,m2,2007,seeding,,
724,174,plot,1,m2,2007,seeding,,
725,174,plot,1,m2,2007,seeding,,
726,174,plot,1,m2,2007,seeding,,
727,174,plot,1,m2,2007,seeding,,
728,174,plot,1,m2,2007,seeding,,
729,174,plot,1,m2,2007,seeding,,
730,174,plot,1,m2,2007,seeding,,
731,174,plot,1,m2,2007,seeding,,
732,174,plot,1,m2,2007,seeding,,
733,174,plot,1,m2,2007,seeding,,
734,174,plot,1,m2,2007,seeding,,
735,174,plot,1,m2,2007,seeding,,
736,174,plot,1,m2,2007,seeding,,
737,174,plot,1,m2,2007,seeding,,
738,174,plot,1,m2,2007,seeding,,
739,174,plot,1,m2,2007,seeding,,
740,174,plot,1,m2,2007,seeding,,
741,174,plot,1,m2,2007,seeding,,
742,174,plot,1,m2,2007,seeding,,
743,174,plot,1,m2,2007,seeding,,
744,174,plot,1,m2,2007,seeding,,
745,174,plot,1,m2,2007,seeding,,
746,174,plot,1,m2,2007,seeding,,
747,174,plot,1,m2,2007,seeding,,
748,174,plot,1,m2,2007,seeding,,
749,174,plot,1,m2,2007,seeding,,
750,174,plot,1,m2,2007,seeding,,
751,174,plot,1,m2,2007,seeding,,
752,174,plot,1,m2,2007,seeding,,
753,174,plot,1,m2,2007,seeding,,
754,174,plot,1,m2,2007,seeding,,
755,174,plot,1,m2,2007,seeding,,
756,174,plot,1,m2,2007,seeding,,
757,174,plot,1,m2,2007,seeding,,
758,174,plot,1,m2,2007,seeding,,
759,174,plot,1,m2,2007,seeding,,
760,174,plot,1,m2,2007,seeding,,
761,174,plot,1,m2,2007,seeding,,
762,174,plot,1,m2,2007,seeding,,
763,174,plot,1,m2,2007,seeding,,
764,174,plot,1,m2,2007,seeding,,
765,174,plot,1,m2,2007,seeding,,
766,174,plot,1,m2,2007,seeding,,
767,174,plot,1,m2,2007,seeding,,
768,174,plot,1,m2,2007,seeding,,
769,174,plot,1,m2,2007,seeding,,
770,174,plot,1,m2,2007,seeding,,
771,174,plot,1,m2,2007,seeding,,
772,174,plot,1,m2,2007,seeding,,
773,174,plot,1,m2,2007,seeding,,
774,174,plot,1,m2,2007,seeding,,
775,174,plot,1,m2,2007,seeding,,
776,174,plot,1,m2,2007,seeding,,
777,174,plot,1,m2,2007,seeding,,
778,174,plot,1,m2,2007,seeding,,
779,174,plot,1,m2,2007,seeding,,
780,174,plot,1,m2,2007,seeding,,
781,174,plot,1,m2,2007,seeding,,
782,174,plot,1,m2,2007,seeding,,
783,174,plot,1,m2,2007,seeding,,
784,174,plot,1,m2,2007,seeding,,
785,174,plot,1,m2,2007,seeding,,
786,175,plot,1,m2,2007,passive,,
787,175,plot,1,m2,2007,passive,,
788,175,plot,1,m2,2007,passive,,
789,175,plot,1,m2,2007,passive,,
790,175,plot,1,m2,2007,passive,,
791,175,plot,1,m2,2007,passive,,
792,175,plot,1,m2,2007,passive,,
793,175,plot,1,m2,2007,passive,,
794,175,plot,1,m2,2007,seeding,,
795,175,plot,1,m2,2007,seeding,,
796,175,plot,1,m2,2007,seeding,,
797,175,plot,1,m2,2007,seeding,,
798,175,plot,1,m2,2007,seeding,,
799,175,plot,1,m2,2007,seeding,,
800,175,plot,1,m2,2007,seeding,,
801,175,plot,1,m2,2007,seeding,,
802,172,plot,1,m2,2007,seeding,,
803,172,plot,1,m2,2007,seeding,,
804,172,plot,1,m2,2007,seeding,,
805,172,plot,1,m2,2007,seeding,,
806,172,plot,1,m2,2007,seeding,,
807,172,plot,1,m2,2007,seeding,,
808,172,plot,1,m2,2007,seeding,,
809,172,plot,1,m2,2007,seeding,,
810,175,plot,1,m2,2007,seeding,,
811,175,plot,1,m2,2007,seeding,,
812,175,plot,1,m2,2007,seeding,,
813,175,plot,1,m2,2007,seeding,,
814,175,plot,1,m2,2007,seeding,,
815,175,plot,1,m2,2007,seeding,,
816,175,plot,1,m2,2007,seeding,,
817,175,plot,1,m2,2007,seeding,,
818,175,plot,1,m2,2007,seeding,,
819,175,plot,1,m2,2007,seeding,,
820,175,plot,1,m2,2007,seeding,,
821,175,plot,1,m2,2007,seeding,,
822,175,plot,1,m2,2007,seeding,,
823,175,plot,1,m2,2007,seeding,,
824,175,plot,1,m2,2007,seeding,,
825,175,plot,1,m2,2007,seeding,,
826,175,plot,1,m2,2007,seeding,,
827,175,plot,1,m2,2007,seeding,,
828,175,plot,1,m2,2007,seeding,,
829,175,plot,1,m2,2007,seeding,,
830,175,plot,1,m2,2007,seeding,,
831,175,plot,1,m2,2007,seeding,,
832,175,plot,1,m2,2007,seeding,,
833,175,plot,1,m2,2007,seeding,,
834,175,plot,1,m2,2007,seeding,,
835,175,plot,1,m2,2007,seeding,,
836,175,plot,1,m2,2007,seeding,,
837,175,plot,1,m2,2007,seeding,,
838,175,plot,1,m2,2007,seeding,,
839,175,plot,1,m2,2007,seeding,,
840,175,plot,1,m2,2007,seeding,,
841,175,plot,1,m2,2007,seeding,,
842,175,plot,1,m2,2007,seeding,,
843,175,plot,1,m2,2007,seeding,,
844,175,plot,1,m2,2007,seeding,,
845,175,plot,1,m2,2007,seeding,,
846,175,plot,1,m2,2007,seeding,,
847,175,plot,1,m2,2007,seeding,,
848,175,plot,1,m2,2007,seeding,,
849,175,plot,1,m2,2007,seeding,,
850,175,plot,1,m2,2007,seeding,,
851,175,plot,1,m2,2007,seeding,,
852,175,plot,1,m2,2007,seeding,,
853,175,plot,1,m2,2007,seeding,,
854,175,plot,1,m2,2007,seeding,,
855,175,plot,1,m2,2007,seeding,,
856,175,plot,1,m2,2007,seeding,,
857,175,plot,1,m2,2007,seeding,,
858,175,plot,1,m2,2007,seeding,,
859,175,plot,1,m2,2007,seeding,,
860,175,plot,1,m2,2007,seeding,,
861,175,plot,1,m2,2007,seeding,,
862,175,plot,1,m2,2007,seeding,,
863,175,plot,1,m2,2007,seeding,,
864,175,plot,1,m2,2007,seeding,,
865,175,plot,1,m2,2007,seeding,,
866,172,plot,1,m2,2007,seeding,,
867,172,plot,1,m2,2007,seeding,,
868,172,plot,1,m2,2007,seeding,,
869,172,plot,1,m2,2007,seeding,,
870,172,plot,1,m2,2007,seeding,,
871,172,plot,1,m2,2007,seeding,,
872,172,plot,1,m2,2007,seeding,,
873,172,plot,1,m2,2007,seeding,,
874,172,plot,1,m2,2007,seeding,,
875,172,plot,1,m2,2007,seeding,,
876,172,plot,1,m2,2007,seeding,,
877,172,plot,1,m2,2007,seeding,,
878,172,plot,1,m2,2007,seeding,,
879,172,plot,1,m2,2007,seeding,,
880,172,plot,1,m2,2007,seeding,,
881,172,plot,1,m2,2007,seeding,,
882,172,plot,1,m2,2007,seeding,,
883,172,plot,1,m2,2007,seeding,,
884,172,plot,1,m2,2007,seeding,,
885,172,plot,1,m2,2007,seeding,,
886,172,plot,1,m2,2007,seeding,,
887,172,plot,1,m2,2007,seeding,,
888,172,plot,1,m2,2007,seeding,,
889,172,plot,1,m2,2007,seeding,,
890,172,plot,1,m2,2007,seeding,,
891,172,plot,1,m2,2007,seeding,,
892,172,plot,1,m2,2007,seeding,,
893,172,plot,1,m2,2007,seeding,,
894,172,plot,1,m2,2007,seeding,,
895,172,plot,1,m2,2007,seeding,,
896,172,plot,1,m2,2007,seeding,,
897,172,plot,1,m2,2007,seeding,,
898,172,plot,1,m2,2007,seeding,,
899,172,plot,1,m2,2007,seeding,,
900,172,plot,1,m2,2007,seeding,,
901,172,plot,1,m2,2007,seeding,,
902,172,plot,1,m2,2007,seeding,,
903,172,plot,1,m2,2007,seeding,,
904,172,plot,1,m2,2007,seeding,,
905,172,plot,1,m2,2007,seeding,,
906,172,plot,1,m2,2007,seeding,,
907,172,plot,1,m2,2007,seeding,,
908,172,plot,1,m2,2007,seeding,,
909,172,plot,1,m2,2007,seeding,,
910,172,plot,1,m2,2007,seeding,,
911,172,plot,1,m2,2007,seeding,,
912,172,plot,1,m2,2007,seeding,,
913,172,plot,1,m2,2007,seeding,,
914,171,plot,1,m2,2007,seeding,,
915,171,plot,1,m2,2007,seeding,,
916,171,plot,1,m2,2007,seeding,,
917,171,plot,1,m2,2007,seeding,,
918,171,plot,1,m2,2007,seeding,,
919,171,plot,1,m2,2007,seeding,,
920,171,plot,1,m2,2007,seeding,,
921,171,plot,1,m2,2007,seeding,,
922,171,plot,1,m2,2007,seeding,,
923,171,plot,1,m2,2008,seeding,,
924,171,plot,1,m2,2008,seeding,,
925,171,plot,1,m2,2008,seeding,,
926,171,plot,1,m2,2008,seeding,,
927,171,plot,1,m2,2008,seeding,,
928,171,plot,1,m2,2008,seeding,,
929,171,plot,1,m2,2008,seeding,,
930,171,plot,1,m2,2008,seeding,,
931,171,plot,1,m2,2008,seeding,,
932,171,plot,1,m2,2009,seeding,,
933,171,plot,1,m2,2009,seeding,,
934,171,plot,1,m2,2009,seeding,,
935,171,plot,1,m2,2009,seeding,,
936,171,plot,1,m2,2009,seeding,,
937,171,plot,1,m2,2009,seeding,,
938,171,plot,1,m2,2009,seeding,,
939,171,plot,1,m2,2009,seeding,,
940,171,plot,1,m2,2009,seeding,,
941,177,plot,210.22,m2,1995,seeding,,
942,177,plot,210.22,m2,1995,seeding,,
943,177,plot,210.22,m2,1995,seeding,,
944,186,plot,210.22,m2,2003,seeding,,
945,186,plot,210.22,m2,2003,seeding,,
946,186,plot,210.22,m2,2003,seeding,,
947,276,plot,210.22,m2,2000,seeding,,
948,276,plot,210.22,m2,2000,seeding,,
949,276,plot,210.22,m2,2000,seeding,,
950,277,plot,210.22,m2,2000,seeding,,
951,277,plot,210.22,m2,2000,seeding,,
952,277,plot,210.22,m2,2000,seeding,,
953,278,plot,210.22,m2,2000,seeding,,
954,278,plot,210.22,m2,2000,seeding,,
955,278,plot,210.22,m2,2000,seeding,,
956,279,plot,210.22,m2,2000,seeding,,
957,279,plot,210.22,m2,2000,seeding,,
958,279,plot,210.22,m2,2000,seeding,,
959,280,plot,210.22,m2,2000,seeding,,
960,281,plot,210.22,m2,2000,seeding,,
961,281,plot,210.22,m2,2000,seeding,,
962,281,plot,210.22,m2,2000,seeding,,
963,282,plot,210.22,m2,2000,seeding,,
964,282,plot,210.22,m2,2000,seeding,,
965,282,plot,210.22,m2,2000,seeding,,
966,283,plot,210.22,m2,2000,seeding,,
967,284,plot,210.22,m2,2000,seeding,,
968,284,plot,210.22,m2,2000,seeding,,
969,284,plot,210.22,m2,2000,seeding,,
970,285,plot,210.22,m2,2001,seeding,,
971,285,plot,210.22,m2,2001,seeding,,
972,285,plot,210.22,m2,2001,seeding,,
973,187,plot,210.22,m2,2003,seeding,,
974,187,plot,210.22,m2,2003,seeding,,
975,286,plot,210.22,m2,2001,seeding,,
976,286,plot,210.22,m2,2001,seeding,,
977,287,plot,210.22,m2,2001,seeding,,
978,287,plot,210.22,m2,2001,seeding,,
979,288,plot,210.22,m2,2001,seeding,,
980,288,plot,210.22,m2,2001,seeding,,
981,289,plot,210.22,m2,2001,seeding,,
982,289,plot,210.22,m2,2001,seeding,,
983,289,plot,210.22,m2,2001,seeding,,
984,290,plot,210.22,m2,2001,seeding,,
985,291,plot,210.22,m2,2001,seeding,,
986,291,plot,210.22,m2,2001,seeding,,
987,291,plot,210.22,m2,2001,seeding,,
988,292,plot,210.22,m2,2002,seeding,,
989,292,plot,210.22,m2,2002,seeding,,
990,292,plot,210.22,m2,2002,seeding,,
991,293,plot,210.22,m2,1996,seeding,,
992,293,plot,210.22,m2,1996,seeding,,
993,293,plot,210.22,m2,1996,seeding,,
994,294,plot,210.22,m2,2002,seeding,,
995,294,plot,210.22,m2,2002,seeding,,
996,295,plot,210.22,m2,2002,seeding,,
997,295,plot,210.22,m2,2002,seeding,,
998,295,plot,210.22,m2,2002,seeding,,
999,188,plot,210.22,m2,2003,seeding,,
1000,188,plot,210.22,m2,2003,seeding,,
1001,188,plot,210.22,m2,2003,seeding,,
1002,296,plot,210.22,m2,2002,seeding,,
1003,296,plot,210.22,m2,2002,seeding,,
1004,296,plot,210.22,m2,2002,seeding,,
1005,297,plot,210.22,m2,2002,seeding,,
1006,297,plot,210.22,m2,2002,seeding,,
1007,297,plot,210.22,m2,2002,seeding,,
1008,298,plot,210.22,m2,2002,seeding,,
1009,298,plot,210.22,m2,2002,seeding,,
1010,298,plot,210.22,m2,2002,seeding,,
1011,299,plot,210.22,m2,2007,seeding,,
1012,299,plot,210.22,m2,2007,seeding,,
1013,299,plot,210.22,m2,2007,seeding,,
1014,300,plot,210.22,m2,2008,seeding,,
1015,300,plot,210.22,m2,2008,seeding,,
1016,300,plot,210.22,m2,2008,seeding,,
1017,301,plot,210.22,m2,1997,seeding,,
1018,301,plot,210.22,m2,1997,seeding,,
1019,301,plot,210.22,m2,1997,seeding,,
1020,302,plot,210.22,m2,1998,seeding,,
1021,302,plot,210.22,m2,1998,seeding,,
1022,302,plot,210.22,m2,1998,seeding,,
1023,303,plot,210.22,m2,1998,seeding,,
1024,303,plot,210.22,m2,1998,seeding,,
1025,303,plot,210.22,m2,1998,seeding,,
1026,304,plot,210.22,m2,1999,seeding,,
1027,304,plot,210.22,m2,1999,seeding,,
1028,304,plot,210.22,m2,1999,seeding,,
1029,305,plot,210.22,m2,2000,seeding,,
1030,305,plot,210.22,m2,2000,seeding,,
1031,305,plot,210.22,m2,2000,seeding,,
1032,189,plot,210.22,m2,2003,seeding,,
1033,189,plot,210.22,m2,2003,seeding,,
1034,189,plot,210.22,m2,2003,seeding,,
1035,306,plot,210.22,m2,2000,seeding,,
1036,306,plot,210.22,m2,2000,seeding,,
1037,306,plot,210.22,m2,2000,seeding,,
1038,307,plot,210.22,m2,2011,seeding,,
1039,307,plot,210.22,m2,2011,seeding,,
1040,307,plot,210.22,m2,2011,seeding,,
1041,308,plot,210.22,m2,2000,seeding,,
1042,308,plot,210.22,m2,2000,seeding,,
1043,308,plot,210.22,m2,2000,seeding,,
1044,309,plot,210.22,m2,2000,seeding,,
1045,309,plot,210.22,m2,2000,seeding,,
1046,309,plot,210.22,m2,2000,seeding,,
1047,310,plot,210.22,m2,2004,seeding,,
1048,310,plot,210.22,m2,2004,seeding,,
1049,310,plot,210.22,m2,2004,seeding,,
1050,311,plot,210.22,m2,2004,seeding,,
1051,311,plot,210.22,m2,2004,seeding,,
1052,311,plot,210.22,m2,2004,seeding,,
1053,312,plot,210.22,m2,1998,seeding,,
1054,313,plot,210.22,m2,2004,seeding,,
1055,313,plot,210.22,m2,2004,seeding,,
1056,313,plot,210.22,m2,2004,seeding,,
1057,314,plot,210.22,m2,2004,seeding,,
1058,314,plot,210.22,m2,2004,seeding,,
1059,314,plot,210.22,m2,2004,seeding,,
1060,315,plot,210.22,m2,1998,seeding,,
1061,315,plot,210.22,m2,1998,seeding,,
1062,315,plot,210.22,m2,1998,seeding,,
1063,190,plot,210.22,m2,2003,seeding,,
1064,190,plot,210.22,m2,2003,seeding,,
1065,190,plot,210.22,m2,2003,seeding,,
1066,316,plot,210.22,m2,2000,seeding,,
1067,317,plot,210.22,m2,2000,seeding,,
1068,318,plot,210.22,m2,2000,seeding,,
1069,318,plot,210.22,m2,2000,seeding,,
1070,318,plot,210.22,m2,2000,seeding,,
1071,319,plot,210.22,m2,1999,seeding,,
1072,319,plot,210.22,m2,1999,seeding,,
1073,319,plot,210.22,m2,1999,seeding,,
1074,320,plot,210.22,m2,2004,seeding,,
1075,320,plot,210.22,m2,2004,seeding,,
1076,320,plot,210.22,m2,2004,seeding,,
1077,321,plot,210.22,m2,1999,seeding,,
1078,321,plot,210.22,m2,1999,seeding,,
1079,321,plot,210.22,m2,1999,seeding,,
1080,322,plot,210.22,m2,2001,seeding,,
1081,322,plot,210.22,m2,2001,seeding,,
1082,322,plot,210.22,m2,2001,seeding,,
1083,323,plot,210.22,m2,1989,seeding,,
1084,323,plot,210.22,m2,1989,seeding,,
1085,324,plot,210.22,m2,1994,seeding,,
1086,324,plot,210.22,m2,1994,seeding,,
1087,325,plot,210.22,m2,1999,seeding,,
1088,325,plot,210.22,m2,1999,seeding,,
1089,191,plot,210.22,m2,2005,seeding,,
1090,191,plot,210.22,m2,2005,seeding,,
1091,191,plot,210.22,m2,2005,seeding,,
1092,326,plot,210.22,m2,1997,seeding,,
1093,326,plot,210.22,m2,1997,seeding,,
1094,327,plot,210.22,m2,2004,seeding,,
1095,327,plot,210.22,m2,2004,seeding,,
1096,328,plot,210.22,m2,2009,seeding,,
1097,328,plot,210.22,m2,2009,seeding,,
1098,329,plot,210.22,m2,2007,seeding,,
1099,329,plot,210.22,m2,2007,seeding,,
1100,330,plot,210.22,m2,2008,seeding,,
1101,330,plot,210.22,m2,2008,seeding,,
1102,331,plot,210.22,m2,1995,seeding,,
1103,331,plot,210.22,m2,1995,seeding,,
1104,332,plot,210.22,m2,1996,seeding,,
1105,332,plot,210.22,m2,1996,seeding,,
1106,333,plot,210.22,m2,1999,seeding,,
1107,333,plot,210.22,m2,1999,seeding,,
1108,334,plot,210.22,m2,2003,seeding,,
1109,334,plot,210.22,m2,2003,seeding,,
1110,335,plot,210.22,m2,2001,seeding,,
1111,335,plot,210.22,m2,2001,seeding,,
1112,192,plot,210.22,m2,2003,seeding,,
1113,192,plot,210.22,m2,2003,seeding,,
1114,192,plot,210.22,m2,2003,seeding,,
1115,336,plot,210.22,m2,2001,seeding,,
1116,336,plot,210.22,m2,2001,seeding,,
1117,337,plot,210.22,m2,2002,seeding,,
1118,337,plot,210.22,m2,2002,seeding,,
1119,338,plot,210.22,m2,2002,seeding,,
1120,338,plot,210.22,m2,2002,seeding,,
1121,339,plot,210.22,m2,1997,seeding,,
1122,339,plot,210.22,m2,1997,seeding,,
1123,340,plot,210.22,m2,1998,seeding,,
1124,340,plot,210.22,m2,1998,seeding,,
1125,341,plot,210.22,m2,2000,seeding,,
1126,341,plot,210.22,m2,2000,seeding,,
1127,342,plot,210.22,m2,1997,seeding,,
1128,342,plot,210.22,m2,1997,seeding,,
1129,343,plot,210.22,m2,1997,seeding,,
1130,343,plot,210.22,m2,1997,seeding,,
1131,344,plot,210.22,m2,1998,seeding,,
1132,344,plot,210.22,m2,1998,seeding,,
1133,345,plot,210.22,m2,1999,seeding,,
1134,345,plot,210.22,m2,1999,seeding,,
1135,193,plot,210.22,m2,2005,seeding,,
1136,193,plot,210.22,m2,2005,seeding,,
1137,193,plot,210.22,m2,2005,seeding,,
1138,346,plot,210.22,m2,2000,seeding,,
1139,346,plot,210.22,m2,2000,seeding,,
1140,347,plot,210.22,m2,2000,seeding,,
1141,347,plot,210.22,m2,2000,seeding,,
1142,348,plot,210.22,m2,2003,seeding,,
1143,348,plot,210.22,m2,2003,seeding,,
1144,349,plot,210.22,m2,2006,seeding,,
1145,349,plot,210.22,m2,2006,seeding,,
1146,350,plot,210.22,m2,2008,seeding,,
1147,350,plot,210.22,m2,2008,seeding,,
1148,351,plot,210.22,m2,2003,seeding,,
1149,351,plot,210.22,m2,2003,seeding,,
1150,352,plot,210.22,m2,2009,seeding,,
1151,352,plot,210.22,m2,2009,seeding,,
1152,353,plot,210.22,m2,2011,seeding,,
1153,354,plot,210.22,m2,2011,seeding,,
1154,355,plot,210.22,m2,2011,seeding,,
1155,194,plot,210.22,m2,2003,seeding,,
1156,194,plot,210.22,m2,2003,seeding,,
1157,194,plot,210.22,m2,2003,seeding,,
1158,356,plot,210.22,m2,2011,seeding,,
1159,357,plot,210.22,m2,2011,seeding,,
1160,358,plot,210.22,m2,2011,seeding,,
1161,359,plot,210.22,m2,2011,seeding,,
1162,359,plot,210.22,m2,2011,seeding,,
1163,360,plot,210.22,m2,2011,seeding,,
1164,360,plot,210.22,m2,2011,seeding,,
1165,361,plot,210.22,m2,2011,seeding,,
1166,361,plot,210.22,m2,2011,seeding,,
1167,362,plot,210.22,m2,2009,seeding,,
1168,362,plot,210.22,m2,2009,seeding,,
1169,363,plot,210.22,m2,2009,seeding,,
1170,363,plot,210.22,m2,2009,seeding,,
1171,364,plot,210.22,m2,2009,seeding,,
1172,364,plot,210.22,m2,2009,seeding,,
1173,365,plot,210.22,m2,2009,seeding,,
1174,365,plot,210.22,m2,2009,seeding,,
1175,195,plot,210.22,m2,2005,seeding,,
1176,195,plot,210.22,m2,2005,seeding,,
1177,195,plot,210.22,m2,2005,seeding,,
1178,366,plot,210.22,m2,2009,seeding,,
1179,366,plot,210.22,m2,2009,seeding,,
1180,367,plot,210.22,m2,2009,seeding,,
1181,367,plot,210.22,m2,2009,seeding,,
1182,368,plot,210.22,m2,2009,seeding,,
1183,368,plot,210.22,m2,2009,seeding,,
1184,369,plot,210.22,m2,2011,seeding,,
1185,369,plot,210.22,m2,2011,seeding,,
1186,178,plot,210.22,m2,1995,seeding,,
1187,178,plot,210.22,m2,1995,seeding,,
1188,178,plot,210.22,m2,1995,seeding,,
1189,196,plot,210.22,m2,2003,seeding,,
1190,197,plot,210.22,m2,2003,seeding,,
1191,198,plot,210.22,m2,2004,seeding,,
1192,199,plot,210.22,m2,2004,seeding,,
1193,199,plot,210.22,m2,2004,seeding,,
1194,199,plot,210.22,m2,2004,seeding,,
1195,200,plot,210.22,m2,2005,seeding,,
1196,200,plot,210.22,m2,2005,seeding,,
1197,200,plot,210.22,m2,2005,seeding,,
1198,201,plot,210.22,m2,2003,seeding,,
1199,202,plot,210.22,m2,2003,seeding,,
1200,202,plot,210.22,m2,2003,seeding,,
1201,202,plot,210.22,m2,2003,seeding,,
1202,203,plot,210.22,m2,1992,seeding,,
1203,204,plot,210.22,m2,1993,seeding,,
1204,204,plot,210.22,m2,1993,seeding,,
1205,204,plot,210.22,m2,1993,seeding,,
1206,205,plot,210.22,m2,1993,seeding,,
1207,205,plot,210.22,m2,1993,seeding,,
1208,205,plot,210.22,m2,1993,seeding,,
1209,179,plot,210.22,m2,1997,seeding,,
1210,179,plot,210.22,m2,1997,seeding,,
1211,206,plot,210.22,m2,2003,seeding,,
1212,206,plot,210.22,m2,2003,seeding,,
1213,206,plot,210.22,m2,2003,seeding,,
1214,207,plot,210.22,m2,1999,seeding,,
1215,207,plot,210.22,m2,1999,seeding,,
1216,207,plot,210.22,m2,1999,seeding,,
1217,208,plot,210.22,m2,2005,seeding,,
1218,208,plot,210.22,m2,2005,seeding,,
1219,209,plot,210.22,m2,2004,seeding,,
1220,209,plot,210.22,m2,2004,seeding,,
1221,209,plot,210.22,m2,2004,seeding,,
1222,210,plot,210.22,m2,2003,seeding,,
1223,210,plot,210.22,m2,2003,seeding,,
1224,210,plot,210.22,m2,2003,seeding,,
1225,211,plot,210.22,m2,1999,seeding,,
1226,212,plot,210.22,m2,1999,seeding,,
1227,212,plot,210.22,m2,1999,seeding,,
1228,212,plot,210.22,m2,1999,seeding,,
1229,213,plot,210.22,m2,2005,seeding,,
1230,213,plot,210.22,m2,2005,seeding,,
1231,213,plot,210.22,m2,2005,seeding,,
1232,214,plot,210.22,m2,2005,seeding,,
1233,214,plot,210.22,m2,2005,seeding,,
1234,214,plot,210.22,m2,2005,seeding,,
1235,215,plot,210.22,m2,2005,seeding,,
1236,215,plot,210.22,m2,2005,seeding,,
1237,215,plot,210.22,m2,2005,seeding,,
1238,180,plot,210.22,m2,1997,seeding,,
1239,180,plot,210.22,m2,1997,seeding,,
1240,180,plot,210.22,m2,1997,seeding,,
1241,216,plot,210.22,m2,2003,seeding,,
1242,216,plot,210.22,m2,2003,seeding,,
1243,216,plot,210.22,m2,2003,seeding,,
1244,217,plot,210.22,m2,1996,seeding,,
1245,217,plot,210.22,m2,1996,seeding,,
1246,217,plot,210.22,m2,1996,seeding,,
1247,218,plot,210.22,m2,1997,seeding,,
1248,218,plot,210.22,m2,1997,seeding,,
1249,218,plot,210.22,m2,1997,seeding,,
1250,219,plot,210.22,m2,1999,seeding,,
1251,219,plot,210.22,m2,1999,seeding,,
1252,219,plot,210.22,m2,1999,seeding,,
1253,220,plot,210.22,m2,1999,seeding,,
1254,221,plot,210.22,m2,1999,seeding,,
1255,221,plot,210.22,m2,1999,seeding,,
1256,222,plot,210.22,m2,1999,seeding,,
1257,222,plot,210.22,m2,1999,seeding,,
1258,222,plot,210.22,m2,1999,seeding,,
1259,223,plot,210.22,m2,2005,seeding,,
1260,223,plot,210.22,m2,2005,seeding,,
1261,223,plot,210.22,m2,2005,seeding,,
1262,224,plot,210.22,m2,2003,seeding,,
1263,224,plot,210.22,m2,2003,seeding,,
1264,224,plot,210.22,m2,2003,seeding,,
1265,225,plot,210.22,m2,2005,seeding,,
1266,225,plot,210.22,m2,2005,seeding,,
1267,225,plot,210.22,m2,2005,seeding,,
1268,181,plot,210.22,m2,2003,seeding,,
1269,226,plot,210.22,m2,2005,seeding,,
1270,227,plot,210.22,m2,2005,seeding,,
1271,227,plot,210.22,m2,2005,seeding,,
1272,228,plot,210.22,m2,2002,seeding,,
1273,228,plot,210.22,m2,2002,seeding,,
1274,228,plot,210.22,m2,2002,seeding,,
1275,229,plot,210.22,m2,2002,seeding,,
1276,230,plot,210.22,m2,2004,seeding,,
1277,230,plot,210.22,m2,2004,seeding,,
1278,230,plot,210.22,m2,2004,seeding,,
1279,231,plot,210.22,m2,2003,seeding,,
1280,232,plot,210.22,m2,2003,seeding,,
1281,232,plot,210.22,m2,2003,seeding,,
1282,232,plot,210.22,m2,2003,seeding,,
1283,233,plot,210.22,m2,2003,seeding,,
1284,233,plot,210.22,m2,2003,seeding,,
1285,233,plot,210.22,m2,2003,seeding,,
1286,234,plot,210.22,m2,2007,seeding,,
1287,234,plot,210.22,m2,2007,seeding,,
1288,234,plot,210.22,m2,2007,seeding,,
1289,235,plot,210.22,m2,2007,seeding,,
1290,235,plot,210.22,m2,2007,seeding,,
1291,235,plot,210.22,m2,2007,seeding,,
1292,182,plot,210.22,m2,2003,seeding,,
1293,182,plot,210.22,m2,2003,seeding,,
1294,182,plot,210.22,m2,2003,seeding,,
1295,236,plot,210.22,m2,2007,seeding,,
1296,236,plot,210.22,m2,2007,seeding,,
1297,237,plot,210.22,m2,1992,seeding,,
1298,238,plot,210.22,m2,1994,seeding,,
1299,238,plot,210.22,m2,1994,seeding,,
1300,238,plot,210.22,m2,1994,seeding,,
1301,239,plot,210.22,m2,1996,seeding,,
1302,239,plot,210.22,m2,1996,seeding,,
1303,239,plot,210.22,m2,1996,seeding,,
1304,240,plot,210.22,m2,2004,seeding,,
1305,240,plot,210.22,m2,2004,seeding,,
1306,241,plot,210.22,m2,2004,seeding,,
1307,241,plot,210.22,m2,2004,seeding,,
1308,241,plot,210.22,m2,2004,seeding,,
1309,242,plot,210.22,m2,2009,seeding,,
1310,242,plot,210.22,m2,2009,seeding,,
1311,242,plot,210.22,m2,2009,seeding,,
1312,243,plot,210.22,m2,2009,seeding,,
1313,243,plot,210.22,m2,2009,seeding,,
1314,243,plot,210.22,m2,2009,seeding,,
1315,244,plot,210.22,m2,2010,seeding,,
1316,244,plot,210.22,m2,2010,seeding,,
1317,244,plot,210.22,m2,2010,seeding,,
1318,245,plot,210.22,m2,2010,seeding,,
1319,245,plot,210.22,m2,2010,seeding,,
1320,245,plot,210.22,m2,2010,seeding,,
1321,183,plot,210.22,m2,2003,seeding,,
1322,246,plot,210.22,m2,2011,seeding,,
1323,246,plot,210.22,m2,2011,seeding,,
1324,246,plot,210.22,m2,2011,seeding,,
1325,247,plot,210.22,m2,2011,seeding,,
1326,247,plot,210.22,m2,2011,seeding,,
1327,247,plot,210.22,m2,2011,seeding,,
1328,248,plot,210.22,m2,2000,seeding,,
1329,249,plot,210.22,m2,2000,seeding,,
1330,250,plot,210.22,m2,2000,seeding,,
1331,250,plot,210.22,m2,2000,seeding,,
1332,250,plot,210.22,m2,2000,seeding,,
1333,251,plot,210.22,m2,2006,seeding,,
1334,251,plot,210.22,m2,2006,seeding,,
1335,252,plot,210.22,m2,2001,seeding,,
1336,252,plot,210.22,m2,2001,seeding,,
1337,252,plot,210.22,m2,2001,seeding,,
1338,253,plot,210.22,m2,2006,seeding,,
1339,253,plot,210.22,m2,2006,seeding,,
1340,253,plot,210.22,m2,2006,seeding,,
1341,254,plot,210.22,m2,2006,seeding,,
1342,254,plot,210.22,m2,2006,seeding,,
1343,255,plot,210.22,m2,2001,seeding,,
1344,184,plot,210.22,m2,2003,seeding,,
1345,184,plot,210.22,m2,2003,seeding,,
1346,256,plot,210.22,m2,2006,seeding,,
1347,256,plot,210.22,m2,2006,seeding,,
1348,256,plot,210.22,m2,2006,seeding,,
1349,257,plot,210.22,m2,2006,seeding,,
1350,257,plot,210.22,m2,2006,seeding,,
1351,257,plot,210.22,m2,2006,seeding,,
1352,258,plot,210.22,m2,2006,seeding,,
1353,259,plot,210.22,m2,2006,seeding,,
1354,259,plot,210.22,m2,2006,seeding,,
1355,259,plot,210.22,m2,2006,seeding,,
1356,260,plot,210.22,m2,2006,seeding,,
1357,260,plot,210.22,m2,2006,seeding,,
1358,260,plot,210.22,m2,2006,seeding,,
1359,261,plot,210.22,m2,2010,seeding,,
1360,261,plot,210.22,m2,2010,seeding,,
1361,261,plot,210.22,m2,2010,seeding,,
1362,262,plot,210.22,m2,1995,seeding,,
1363,262,plot,210.22,m2,1995,seeding,,
1364,262,plot,210.22,m2,1995,seeding,,
1365,263,plot,210.22,m2,2000,seeding,,
1366,263,plot,210.22,m2,2000,seeding,,
1367,264,plot,210.22,m2,2006,seeding,,
1368,264,plot,210.22,m2,2006,seeding,,
1369,264,plot,210.22,m2,2006,seeding,,
1370,265,plot,210.22,m2,2001,seeding,,
1371,265,plot,210.22,m2,2001,seeding,,
1372,265,plot,210.22,m2,2001,seeding,,
1373,185,plot,210.22,m2,1999,seeding,,
1374,185,plot,210.22,m2,1999,seeding,,
1375,185,plot,210.22,m2,1999,seeding,,
1376,266,plot,210.22,m2,2001,seeding,,
1377,267,plot,210.22,m2,2001,seeding,,
1378,267,plot,210.22,m2,2001,seeding,,
1379,268,plot,210.22,m2,2001,seeding,,
1380,268,plot,210.22,m2,2001,seeding,,
1381,268,plot,210.22,m2,2001,seeding,,
1382,269,plot,210.22,m2,2001,seeding,,
1383,269,plot,210.22,m2,2001,seeding,,
1384,269,plot,210.22,m2,2001,seeding,,
1385,270,plot,210.22,m2,2003,seeding,,
1386,270,plot,210.22,m2,2003,seeding,,
1387,270,plot,210.22,m2,2003,seeding,,
1388,271,plot,210.22,m2,2007,seeding,,
1389,271,plot,210.22,m2,2007,seeding,,
1390,271,plot,210.22,m2,2007,seeding,,
1391,272,plot,210.22,m2,2008,seeding,,
1392,272,plot,210.22,m2,2008,seeding,,
1393,272,plot,210.22,m2,2008,seeding,,
1394,273,plot,210.22,m2,1992,seeding,,
1395,273,plot,210.22,m2,1992,seeding,,
1396,273,plot,210.22,m2,1992,seeding,,
1397,274,plot,210.22,m2,1992,seeding,,
1398,274,plot,210.22,m2,1992,seeding,,
1399,274,plot,210.22,m2,1992,seeding,,
1400,275,plot,210.22,m2,2000,seeding,,
1401,275,plot,210.22,m2,2000,seeding,,
1402,275,plot,210.22,m2,2000,seeding,,
