database,projectid,areaid,treatmentid
GAZP,1,1,1
GAZP,1,1,2
GAZP,1,2,1
GAZP,1,2,2
GAZP,1,3,1
GAZP,1,3,2
GAZP,1,4,1
GAZP,1,4,2
GAZP,1,5,1
GAZP,1,5,2
GAZP,1,6,1
GAZP,1,6,2
GAZP,1,7,1
GAZP,1,7,2
GAZP,1,8,1
GAZP,1,8,2
GAZP,1,9,1
GAZP,1,9,2
GAZP,1,10,1
GAZP,1,10,2
GAZP,1,11,1
GAZP,1,11,2
GAZP,1,12,1
GAZP,1,12,2
GAZP,1,13,1
GAZP,1,13,2
GAZP,1,14,1
GAZP,1,14,2
GAZP,1,15,1
GAZP,1,15,2
GAZP,1,16,1
GAZP,1,16,2
GAZP,1,17,1
GAZP,1,17,2
GAZP,1,18,1
GAZP,1,18,2
GAZP,1,19,1
GAZP,1,19,2
GAZP,1,20,1
GAZP,1,20,2
GAZP,1,21,1
GAZP,1,21,2
GAZP,1,22,1
GAZP,1,22,2
GAZP,1,23,1
GAZP,1,23,2
GAZP,1,24,1
GAZP,1,24,2
GAZP,1,25,1
GAZP,1,25,2
GAZP,1,26,1
GAZP,1,26,2
GAZP,1,27,1
GAZP,1,27,2
GAZP,1,28,1
GAZP,1,28,2
GAZP,1,29,1
GAZP,1,29,2
GAZP,1,30,1
GAZP,1,30,2
GAZP,1,31,3
GAZP,1,31,4
GAZP,1,32,3
GAZP,1,32,4
GAZP,1,33,3
GAZP,1,33,4
GAZP,1,34,3
GAZP,1,34,4
GAZP,1,35,3
GAZP,1,35,4
GAZP,1,36,3
GAZP,1,36,4
GAZP,1,37,3
GAZP,1,37,4
GAZP,1,38,3
GAZP,1,38,4
GAZP,1,39,3
GAZP,1,39,4
GAZP,1,40,3
GAZP,1,40,4
GAZP,1,41,3
GAZP,1,41,4
GAZP,1,42,3
GAZP,1,42,4
GAZP,1,43,3
GAZP,1,43,4
GAZP,1,44,3
GAZP,1,44,4
GAZP,1,45,3
GAZP,1,45,4
GAZP,1,46,3
GAZP,1,46,4
GAZP,1,47,3
GAZP,1,47,4
GAZP,1,48,3
GAZP,1,48,4
GAZP,1,49,3
GAZP,1,49,4
GAZP,1,50,3
GAZP,1,50,4
GAZP,1,51,3
GAZP,1,51,4
GAZP,1,52,3
GAZP,1,52,4
GAZP,1,53,3
GAZP,1,53,4
GAZP,1,54,3
GAZP,1,54,4
GAZP,1,55,3
GAZP,1,55,4
GAZP,1,56,3
GAZP,1,56,4
GAZP,1,57,3
GAZP,1,57,4
GAZP,1,58,3
GAZP,1,58,4
GAZP,1,59,3
GAZP,1,59,4
GAZP,1,60,3
GAZP,1,60,4
GAZP,1,61,3
GAZP,1,61,4
GAZP,1,62,3
GAZP,1,62,4
GAZP,1,63,3
GAZP,1,63,4
GAZP,1,64,3
GAZP,1,64,4
GAZP,1,65,3
GAZP,1,65,4
GAZP,1,66,5
GAZP,1,66,6
GAZP,1,67,5
GAZP,1,67,6
GAZP,1,68,5
GAZP,1,68,6
GAZP,1,69,5
GAZP,1,69,6
GAZP,1,70,5
GAZP,1,70,6
GAZP,1,71,5
GAZP,1,71,6
GAZP,1,72,5
GAZP,1,72,6
GAZP,1,73,5
GAZP,1,73,6
GAZP,1,74,5
GAZP,1,74,6
GAZP,1,75,5
GAZP,1,75,6
GAZP,1,76,5
GAZP,1,76,6
GAZP,1,77,5
GAZP,1,77,6
GAZP,1,78,5
GAZP,1,78,6
GAZP,1,79,5
GAZP,1,79,6
GAZP,1,80,5
GAZP,1,80,6
GAZP,1,81,5
GAZP,1,81,6
GAZP,1,82,5
GAZP,1,82,6
GAZP,1,83,5
GAZP,1,83,6
GAZP,1,84,5
GAZP,1,84,6
GAZP,1,85,5
GAZP,1,85,6
GAZP,1,86,5
GAZP,1,86,6
GAZP,1,87,5
GAZP,1,87,6
GAZP,1,88,5
GAZP,1,88,6
GAZP,1,89,5
GAZP,1,89,6
GAZP,1,90,5
GAZP,1,90,6
GAZP,1,91,5
GAZP,1,91,6
GAZP,1,92,5
GAZP,1,92,6
GAZP,1,93,5
GAZP,1,93,6
GAZP,1,94,5
GAZP,1,94,6
GAZP,1,95,5
GAZP,1,95,6
GAZP,1,96,7
GAZP,1,96,8
GAZP,1,97,7
GAZP,1,97,8
GAZP,1,98,7
GAZP,1,98,8
GAZP,1,99,7
GAZP,1,99,8
GAZP,1,100,7
GAZP,1,100,8
GAZP,1,101,7
GAZP,1,101,8
GAZP,1,102,7
GAZP,1,102,8
GAZP,1,103,7
GAZP,1,103,8
GAZP,1,104,7
GAZP,1,104,8
GAZP,1,105,7
GAZP,1,105,8
GAZP,1,106,7
GAZP,1,106,8
GAZP,1,107,7
GAZP,1,107,8
GAZP,1,108,7
GAZP,1,108,8
GAZP,1,109,7
GAZP,1,109,8
GAZP,1,110,7
GAZP,1,110,8
GAZP,1,111,7
GAZP,1,111,8
GAZP,1,112,7
GAZP,1,112,8
GAZP,1,113,7
GAZP,1,113,8
GAZP,1,114,7
GAZP,1,114,8
GAZP,1,115,7
GAZP,1,115,8
GAZP,1,116,7
GAZP,1,116,8
GAZP,1,117,7
GAZP,1,117,8
GAZP,1,118,7
GAZP,1,118,8
GAZP,1,119,7
GAZP,1,119,8
GAZP,1,120,7
GAZP,1,120,8
GAZP,1,121,7
GAZP,1,121,8
GAZP,1,122,7
GAZP,1,122,8
GAZP,1,123,7
GAZP,1,123,8
GAZP,1,124,7
GAZP,1,124,8
GAZP,1,125,7
GAZP,1,125,8
GAZP,1,126,9
GAZP,1,126,10
GAZP,1,127,9
GAZP,1,127,10
GAZP,1,128,9
GAZP,1,128,10
GAZP,1,129,9
GAZP,1,129,10
GAZP,1,130,9
GAZP,1,130,10
GAZP,1,131,9
GAZP,1,131,10
GAZP,1,132,9
GAZP,1,132,10
GAZP,1,133,9
GAZP,1,133,10
GAZP,1,134,9
GAZP,1,134,10
GAZP,1,135,9
GAZP,1,135,10
GAZP,1,136,9
GAZP,1,136,10
GAZP,1,137,9
GAZP,1,137,10
GAZP,1,138,9
GAZP,1,138,10
GAZP,1,139,9
GAZP,1,139,10
GAZP,1,140,9
GAZP,1,140,10
GAZP,1,141,9
GAZP,1,141,10
GAZP,1,142,9
GAZP,1,142,10
GAZP,1,143,9
GAZP,1,143,10
GAZP,1,144,9
GAZP,1,144,10
GAZP,1,145,9
GAZP,1,145,10
GAZP,1,146,9
GAZP,1,146,10
GAZP,1,147,9
GAZP,1,147,10
GAZP,1,148,9
GAZP,1,148,10
GAZP,1,149,9
GAZP,1,149,10
GAZP,1,150,9
GAZP,1,150,10
GAZP,1,151,9
GAZP,1,151,10
GAZP,1,152,9
GAZP,1,152,10
GAZP,1,153,9
GAZP,1,153,10
GAZP,1,154,9
GAZP,1,154,10
GAZP,1,155,9
GAZP,1,155,10
GAZP,1,156,11
GAZP,1,156,12
GAZP,1,157,11
GAZP,1,157,12
GAZP,1,158,11
GAZP,1,158,12
GAZP,1,159,11
GAZP,1,159,12
GAZP,1,160,11
GAZP,1,160,12
GAZP,1,161,11
GAZP,1,161,12
GAZP,1,162,11
GAZP,1,162,12
GAZP,1,163,11
GAZP,1,163,12
GAZP,1,164,11
GAZP,1,164,12
GAZP,1,165,11
GAZP,1,165,12
GAZP,1,166,11
GAZP,1,166,12
GAZP,1,167,11
GAZP,1,167,12
GAZP,1,168,11
GAZP,1,168,12
GAZP,1,169,11
GAZP,1,169,12
GAZP,1,170,11
GAZP,1,170,12
GAZP,1,171,11
GAZP,1,171,12
GAZP,1,172,11
GAZP,1,172,12
GAZP,1,173,11
GAZP,1,173,12
GAZP,1,174,11
GAZP,1,174,12
GAZP,1,175,11
GAZP,1,175,12
GAZP,1,176,11
GAZP,1,176,12
GAZP,1,177,11
GAZP,1,177,12
GAZP,1,178,11
GAZP,1,178,12
GAZP,1,179,11
GAZP,1,179,12
GAZP,1,180,11
GAZP,1,180,12
GAZP,1,181,11
GAZP,1,181,12
GAZP,1,182,11
GAZP,1,182,12
GAZP,1,183,11
GAZP,1,183,12
GAZP,1,184,11
GAZP,1,184,12
GAZP,1,185,11
GAZP,1,185,12
GAZP,1,186,13
GAZP,1,186,14
GAZP,1,187,13
GAZP,1,187,14
GAZP,1,188,13
GAZP,1,188,14
GAZP,1,189,13
GAZP,1,189,14
GAZP,1,190,13
GAZP,1,190,14
GAZP,1,191,13
GAZP,1,191,14
GAZP,1,192,13
GAZP,1,192,14
GAZP,1,193,13
GAZP,1,193,14
GAZP,1,194,13
GAZP,1,194,14
GAZP,1,195,13
GAZP,1,195,14
GAZP,1,196,13
GAZP,1,196,14
GAZP,1,197,13
GAZP,1,197,14
GAZP,1,198,13
GAZP,1,198,14
GAZP,1,199,13
GAZP,1,199,14
GAZP,1,200,13
GAZP,1,200,14
GAZP,1,201,13
GAZP,1,201,14
GAZP,1,202,13
GAZP,1,202,14
GAZP,1,203,13
GAZP,1,203,14
GAZP,1,204,13
GAZP,1,204,14
GAZP,1,205,13
GAZP,1,205,14
GAZP,1,206,13
GAZP,1,206,14
GAZP,1,207,13
GAZP,1,207,14
GAZP,1,208,13
GAZP,1,208,14
GAZP,1,209,13
GAZP,1,209,14
GAZP,1,210,13
GAZP,1,210,14
GAZP,1,211,13
GAZP,1,211,14
GAZP,1,212,13
GAZP,1,212,14
GAZP,1,213,13
GAZP,1,213,14
GAZP,1,214,13
GAZP,1,214,14
GAZP,1,215,13
GAZP,1,215,14
GAZP,1,216,15
GAZP,1,216,16
GAZP,1,217,15
GAZP,1,217,16
GAZP,1,218,15
GAZP,1,218,16
GAZP,1,219,15
GAZP,1,219,16
GAZP,1,220,15
GAZP,1,220,16
GAZP,1,221,15
GAZP,1,221,16
GAZP,1,222,15
GAZP,1,222,16
GAZP,1,223,15
GAZP,1,223,16
GAZP,1,224,15
GAZP,1,224,16
GAZP,1,225,15
GAZP,1,225,16
GAZP,1,226,15
GAZP,1,226,16
GAZP,1,227,15
GAZP,1,227,16
GAZP,1,228,15
GAZP,1,228,16
GAZP,1,229,15
GAZP,1,229,16
GAZP,1,230,15
GAZP,1,230,16
GAZP,1,231,15
GAZP,1,231,16
GAZP,1,232,15
GAZP,1,232,16
GAZP,1,233,15
GAZP,1,233,16
GAZP,1,234,15
GAZP,1,234,16
GAZP,1,235,15
GAZP,1,235,16
GAZP,1,236,15
GAZP,1,236,16
GAZP,1,237,15
GAZP,1,237,16
GAZP,1,238,15
GAZP,1,238,16
GAZP,1,239,15
GAZP,1,239,16
GAZP,1,240,15
GAZP,1,240,16
GAZP,1,241,15
GAZP,1,241,16
GAZP,1,242,15
GAZP,1,242,16
GAZP,1,243,15
GAZP,1,243,16
GAZP,1,244,15
GAZP,1,244,16
GAZP,1,245,15
GAZP,1,245,16
GAZP,1,246,15
GAZP,1,246,16
GAZP,1,247,17
GAZP,1,247,18
GAZP,1,248,17
GAZP,1,248,18
GAZP,1,249,17
GAZP,1,249,18
GAZP,1,250,17
GAZP,1,250,18
GAZP,1,251,17
GAZP,1,251,18
GAZP,1,252,17
GAZP,1,252,18
GAZP,1,253,17
GAZP,1,253,18
GAZP,1,254,17
GAZP,1,254,18
GAZP,1,255,17
GAZP,1,255,18
GAZP,1,256,17
GAZP,1,256,18
GAZP,1,257,17
GAZP,1,257,18
GAZP,1,258,17
GAZP,1,258,18
GAZP,1,259,17
GAZP,1,259,18
GAZP,1,260,17
GAZP,1,260,18
GAZP,1,261,17
GAZP,1,261,18
GAZP,1,262,17
GAZP,1,262,18
GAZP,1,263,17
GAZP,1,263,18
GAZP,1,264,17
GAZP,1,264,18
GAZP,1,265,17
GAZP,1,265,18
GAZP,1,266,17
GAZP,1,266,18
GAZP,1,267,17
GAZP,1,267,18
GAZP,1,268,17
GAZP,1,268,18
GAZP,1,269,17
GAZP,1,269,18
GAZP,1,270,17
GAZP,1,270,18
GAZP,1,271,17
GAZP,1,271,18
GAZP,1,272,17
GAZP,1,272,18
GAZP,1,273,17
GAZP,1,273,18
GAZP,1,274,17
GAZP,1,274,18
GAZP,1,275,17
GAZP,1,275,18
GAZP,1,276,17
GAZP,1,276,18
GAZP,1,277,17
GAZP,1,277,18
GAZP,1,278,17
GAZP,1,278,18
GAZP,1,279,17
GAZP,1,279,18
GAZP,1,280,17
GAZP,1,280,18
GAZP,1,281,17
GAZP,1,281,18
GAZP,1,282,17
GAZP,1,282,18
GAZP,1,283,17
GAZP,1,283,18
GAZP,1,284,17
GAZP,1,284,18
GAZP,1,285,17
GAZP,1,285,18
GAZP,1,286,17
GAZP,1,286,18
GAZP,1,287,19
GAZP,1,287,20
GAZP,1,288,19
GAZP,1,288,20
GAZP,1,289,19
GAZP,1,289,20
GAZP,1,290,19
GAZP,1,290,20
GAZP,1,291,19
GAZP,1,291,20
GAZP,1,292,19
GAZP,1,292,20
GAZP,1,293,19
GAZP,1,293,20
GAZP,1,294,19
GAZP,1,294,20
GAZP,1,295,19
GAZP,1,295,20
GAZP,1,296,19
GAZP,1,296,20
GAZP,1,297,19
GAZP,1,297,20
GAZP,1,298,19
GAZP,1,298,20
GAZP,1,299,19
GAZP,1,299,20
GAZP,1,300,19
GAZP,1,300,20
GAZP,1,301,19
GAZP,1,301,20
GAZP,1,302,19
GAZP,1,302,20
GAZP,1,303,19
GAZP,1,303,20
GAZP,1,304,19
GAZP,1,304,20
GAZP,1,305,19
GAZP,1,305,20
GAZP,1,306,19
GAZP,1,306,20
GAZP,1,307,19
GAZP,1,307,20
GAZP,1,308,19
GAZP,1,308,20
GAZP,1,309,19
GAZP,1,309,20
GAZP,1,310,19
GAZP,1,310,20
GAZP,1,311,19
GAZP,1,311,20
GAZP,1,312,19
GAZP,1,312,20
GAZP,1,313,19
GAZP,1,313,20
GAZP,1,314,19
GAZP,1,314,20
GAZP,1,315,19
GAZP,1,315,20
GAZP,1,316,19
GAZP,1,316,20
GAZP,1,317,21
GAZP,1,317,22
GAZP,1,318,21
GAZP,1,318,22
GAZP,1,319,21
GAZP,1,319,22
GAZP,1,320,21
GAZP,1,320,22
GAZP,1,321,21
GAZP,1,321,22
GAZP,1,322,21
GAZP,1,322,22
GAZP,1,323,21
GAZP,1,323,22
GAZP,1,324,21
GAZP,1,324,22
GAZP,1,325,21
GAZP,1,325,22
GAZP,1,326,21
GAZP,1,326,22
GAZP,1,327,21
GAZP,1,327,22
GAZP,1,328,21
GAZP,1,328,22
GAZP,1,329,21
GAZP,1,329,22
GAZP,1,330,21
GAZP,1,330,22
GAZP,1,331,21
GAZP,1,331,22
GAZP,1,332,21
GAZP,1,332,22
GAZP,1,333,21
GAZP,1,333,22
GAZP,1,334,21
GAZP,1,334,22
GAZP,1,335,21
GAZP,1,335,22
GAZP,1,336,21
GAZP,1,336,22
GAZP,1,337,21
GAZP,1,337,22
GAZP,1,338,21
GAZP,1,338,22
GAZP,1,339,21
GAZP,1,339,22
GAZP,1,340,21
GAZP,1,340,22
GAZP,1,341,21
GAZP,1,341,22
GAZP,1,342,21
GAZP,1,342,22
GAZP,1,343,21
GAZP,1,343,22
GAZP,1,344,21
GAZP,1,344,22
GAZP,1,345,21
GAZP,1,345,22
GAZP,1,346,23
GAZP,1,346,24
GAZP,1,347,23
GAZP,1,347,24
GAZP,1,348,23
GAZP,1,348,24
GAZP,1,349,23
GAZP,1,349,24
GAZP,1,350,23
GAZP,1,350,24
GAZP,1,351,23
GAZP,1,351,24
GAZP,1,352,23
GAZP,1,352,24
GAZP,1,353,23
GAZP,1,353,24
GAZP,1,354,23
GAZP,1,354,24
GAZP,1,355,23
GAZP,1,355,24
GAZP,1,356,23
GAZP,1,356,24
GAZP,1,357,23
GAZP,1,357,24
GAZP,1,358,23
GAZP,1,358,24
GAZP,1,359,23
GAZP,1,359,24
GAZP,1,360,23
GAZP,1,360,24
GAZP,1,361,23
GAZP,1,361,24
GAZP,1,362,23
GAZP,1,362,24
GAZP,1,363,23
GAZP,1,363,24
GAZP,1,364,23
GAZP,1,364,24
GAZP,1,365,23
GAZP,1,365,24
GAZP,1,366,23
GAZP,1,366,24
GAZP,1,367,23
GAZP,1,367,24
GAZP,1,368,23
GAZP,1,368,24
GAZP,1,369,23
GAZP,1,369,24
GAZP,1,370,23
GAZP,1,370,24
GAZP,1,371,23
GAZP,1,371,24
GAZP,1,372,23
GAZP,1,372,24
GAZP,1,373,23
GAZP,1,373,24
GAZP,1,374,23
GAZP,1,374,24
GAZP,1,375,23
GAZP,1,375,24
GAZP,1,376,25
GAZP,1,376,26
GAZP,1,377,25
GAZP,1,377,26
GAZP,1,378,25
GAZP,1,378,26
GAZP,1,379,25
GAZP,1,379,26
GAZP,1,380,25
GAZP,1,380,26
GAZP,1,381,25
GAZP,1,381,26
GAZP,1,382,25
GAZP,1,382,26
GAZP,1,383,25
GAZP,1,383,26
GAZP,1,384,25
GAZP,1,384,26
GAZP,1,385,25
GAZP,1,385,26
GAZP,1,386,25
GAZP,1,386,26
GAZP,1,387,25
GAZP,1,387,26
GAZP,1,388,25
GAZP,1,388,26
GAZP,1,389,25
GAZP,1,389,26
GAZP,1,390,25
GAZP,1,390,26
GAZP,1,391,25
GAZP,1,391,26
GAZP,1,392,25
GAZP,1,392,26
GAZP,1,393,25
GAZP,1,393,26
GAZP,1,394,25
GAZP,1,394,26
GAZP,1,395,25
GAZP,1,395,26
GAZP,1,396,25
GAZP,1,396,26
GAZP,1,397,25
GAZP,1,397,26
GAZP,1,398,25
GAZP,1,398,26
GAZP,1,399,25
GAZP,1,399,26
GAZP,1,400,25
GAZP,1,400,26
GAZP,1,401,25
GAZP,1,401,26
GAZP,1,402,25
GAZP,1,402,26
GAZP,1,403,25
GAZP,1,403,26
GAZP,1,404,25
GAZP,1,404,26
GAZP,1,405,25
GAZP,1,405,26
GAZP,1,406,27
GAZP,1,406,28
GAZP,1,407,27
GAZP,1,407,28
GAZP,1,408,27
GAZP,1,408,28
GAZP,1,409,27
GAZP,1,409,28
GAZP,1,410,27
GAZP,1,410,28
GAZP,1,411,27
GAZP,1,411,28
GAZP,1,412,27
GAZP,1,412,28
GAZP,1,413,27
GAZP,1,413,28
GAZP,1,414,27
GAZP,1,414,28
GAZP,1,415,27
GAZP,1,415,28
GAZP,1,416,27
GAZP,1,416,28
GAZP,1,417,27
GAZP,1,417,28
GAZP,1,418,27
GAZP,1,418,28
GAZP,1,419,27
GAZP,1,419,28
GAZP,1,420,27
GAZP,1,420,28
GAZP,1,421,27
GAZP,1,421,28
GAZP,1,422,27
GAZP,1,422,28
GAZP,1,423,27
GAZP,1,423,28
GAZP,1,424,27
GAZP,1,424,28
GAZP,1,425,27
GAZP,1,425,28
GAZP,1,426,27
GAZP,1,426,28
GAZP,1,427,27
GAZP,1,427,28
GAZP,1,428,27
GAZP,1,428,28
GAZP,1,429,27
GAZP,1,429,28
GAZP,1,430,27
GAZP,1,430,28
GAZP,1,431,27
GAZP,1,431,28
GAZP,1,432,27
GAZP,1,432,28
GAZP,1,433,27
GAZP,1,433,28
GAZP,1,434,27
GAZP,1,434,28
GAZP,1,435,27
GAZP,1,435,28
GAZP,1,436,29
GAZP,1,436,30
GAZP,1,437,29
GAZP,1,437,30
GAZP,1,438,29
GAZP,1,438,30
GAZP,1,439,29
GAZP,1,439,30
GAZP,1,440,29
GAZP,1,440,30
GAZP,1,441,29
GAZP,1,441,30
GAZP,1,442,29
GAZP,1,442,30
GAZP,1,443,29
GAZP,1,443,30
GAZP,1,444,29
GAZP,1,444,30
GAZP,1,445,29
GAZP,1,445,30
GAZP,1,446,29
GAZP,1,446,30
GAZP,1,447,29
GAZP,1,447,30
GAZP,1,448,29
GAZP,1,448,30
GAZP,1,449,29
GAZP,1,449,30
GAZP,1,450,29
GAZP,1,450,30
GAZP,1,451,29
GAZP,1,451,30
GAZP,1,452,29
GAZP,1,452,30
GAZP,1,453,29
GAZP,1,453,30
GAZP,1,454,29
GAZP,1,454,30
GAZP,1,455,29
GAZP,1,455,30
GAZP,1,456,29
GAZP,1,456,30
GAZP,1,457,29
GAZP,1,457,30
GAZP,1,458,29
GAZP,1,458,30
GAZP,1,459,29
GAZP,1,459,30
GAZP,1,460,29
GAZP,1,460,30
GAZP,1,461,29
GAZP,1,461,30
GAZP,1,462,29
GAZP,1,462,30
GAZP,1,463,29
GAZP,1,463,30
GAZP,1,464,29
GAZP,1,464,30
GAZP,1,465,29
GAZP,1,465,30
GAZP,1,466,31
GAZP,1,466,32
GAZP,1,467,31
GAZP,1,467,32
GAZP,1,468,31
GAZP,1,468,32
GAZP,1,469,31
GAZP,1,469,32
GAZP,1,470,31
GAZP,1,470,32
GAZP,1,471,31
GAZP,1,471,32
GAZP,1,472,31
GAZP,1,472,32
GAZP,1,473,31
GAZP,1,473,32
GAZP,1,474,31
GAZP,1,474,32
GAZP,1,475,31
GAZP,1,475,32
GAZP,1,476,31
GAZP,1,476,32
GAZP,1,477,31
GAZP,1,477,32
GAZP,1,478,31
GAZP,1,478,32
GAZP,1,479,31
GAZP,1,479,32
GAZP,1,480,31
GAZP,1,480,32
GAZP,1,481,31
GAZP,1,481,32
GAZP,1,482,31
GAZP,1,482,32
GAZP,1,483,31
GAZP,1,483,32
GAZP,1,484,31
GAZP,1,484,32
GAZP,1,485,31
GAZP,1,485,32
GAZP,1,486,31
GAZP,1,486,32
GAZP,1,487,31
GAZP,1,487,32
GAZP,1,488,31
GAZP,1,488,32
GAZP,1,489,31
GAZP,1,489,32
GAZP,1,490,31
GAZP,1,490,32
GAZP,1,491,31
GAZP,1,491,32
GAZP,1,492,31
GAZP,1,492,32
GAZP,1,493,31
GAZP,1,493,32
GAZP,1,494,31
GAZP,1,494,32
GAZP,1,495,31
GAZP,1,495,32
GAZP,1,496,33
GAZP,1,496,34
GAZP,1,497,33
GAZP,1,497,34
GAZP,1,498,33
GAZP,1,498,34
GAZP,1,499,33
GAZP,1,499,34
GAZP,1,500,33
GAZP,1,500,34
GAZP,1,501,33
GAZP,1,501,34
GAZP,1,502,33
GAZP,1,502,34
GAZP,1,503,33
GAZP,1,503,34
GAZP,1,504,33
GAZP,1,504,34
GAZP,1,505,33
GAZP,1,505,34
GAZP,1,506,33
GAZP,1,506,34
GAZP,1,507,33
GAZP,1,507,34
GAZP,1,508,33
GAZP,1,508,34
GAZP,1,509,33
GAZP,1,509,34
GAZP,1,510,33
GAZP,1,510,34
GAZP,1,511,33
GAZP,1,511,34
GAZP,1,512,33
GAZP,1,512,34
GAZP,1,513,33
GAZP,1,513,34
GAZP,1,514,33
GAZP,1,514,34
GAZP,1,515,33
GAZP,1,515,34
GAZP,1,516,33
GAZP,1,516,34
GAZP,1,517,33
GAZP,1,517,34
GAZP,1,518,33
GAZP,1,518,34
GAZP,1,519,33
GAZP,1,519,34
GAZP,1,520,33
GAZP,1,520,34
GAZP,1,521,33
GAZP,1,521,34
GAZP,1,522,33
GAZP,1,522,34
GAZP,1,523,33
GAZP,1,523,34
GAZP,1,524,33
GAZP,1,524,34
GAZP,1,525,33
GAZP,1,525,34
GAZP,1,526,35
GAZP,1,526,36
GAZP,1,527,35
GAZP,1,527,36
GAZP,1,528,35
GAZP,1,528,36
GAZP,1,529,35
GAZP,1,529,36
GAZP,1,530,35
GAZP,1,530,36
GAZP,1,531,35
GAZP,1,531,36
GAZP,1,532,35
GAZP,1,532,36
GAZP,1,533,35
GAZP,1,533,36
GAZP,1,534,35
GAZP,1,534,36
GAZP,1,535,35
GAZP,1,535,36
GAZP,1,536,35
GAZP,1,536,36
GAZP,1,537,35
GAZP,1,537,36
GAZP,1,538,35
GAZP,1,538,36
GAZP,1,539,35
GAZP,1,539,36
GAZP,1,540,35
GAZP,1,540,36
GAZP,1,541,35
GAZP,1,541,36
GAZP,1,542,35
GAZP,1,542,36
GAZP,1,543,35
GAZP,1,543,36
GAZP,1,544,35
GAZP,1,544,36
GAZP,1,545,35
GAZP,1,545,36
GAZP,1,546,35
GAZP,1,546,36
GAZP,1,547,35
GAZP,1,547,36
GAZP,1,548,35
GAZP,1,548,36
GAZP,1,549,35
GAZP,1,549,36
GAZP,1,550,35
GAZP,1,550,36
GAZP,1,551,35
GAZP,1,551,36
GAZP,1,552,35
GAZP,1,552,36
GAZP,1,553,35
GAZP,1,553,36
GAZP,1,554,35
GAZP,1,554,36
GAZP,1,555,35
GAZP,1,555,36
GAZP,1,556,37
GAZP,1,556,38
GAZP,1,557,37
GAZP,1,557,38
GAZP,1,558,37
GAZP,1,558,38
GAZP,1,559,37
GAZP,1,559,38
GAZP,1,560,37
GAZP,1,560,38
GAZP,1,561,37
GAZP,1,561,38
GAZP,1,562,37
GAZP,1,562,38
GAZP,1,563,37
GAZP,1,563,38
GAZP,1,564,37
GAZP,1,564,38
GAZP,1,565,37
GAZP,1,565,38
GAZP,1,566,37
GAZP,1,566,38
GAZP,1,567,37
GAZP,1,567,38
GAZP,1,568,37
GAZP,1,568,38
GAZP,1,569,37
GAZP,1,569,38
GAZP,1,570,37
GAZP,1,570,38
GAZP,1,571,37
GAZP,1,571,38
GAZP,1,572,37
GAZP,1,572,38
GAZP,1,573,37
GAZP,1,573,38
GAZP,1,574,37
GAZP,1,574,38
GAZP,1,575,37
GAZP,1,575,38
GAZP,1,576,37
GAZP,1,576,38
GAZP,1,577,37
GAZP,1,577,38
GAZP,1,578,37
GAZP,1,578,38
GAZP,1,579,37
GAZP,1,579,38
GAZP,1,580,37
GAZP,1,580,38
GAZP,1,581,37
GAZP,1,581,38
GAZP,1,582,37
GAZP,1,582,38
GAZP,1,583,37
GAZP,1,583,38
GAZP,1,584,37
GAZP,1,584,38
GAZP,1,585,37
GAZP,1,585,38
GAZP,1,586,39
GAZP,1,586,40
GAZP,1,587,39
GAZP,1,587,40
GAZP,1,588,39
GAZP,1,588,40
GAZP,1,589,39
GAZP,1,589,40
GAZP,1,590,39
GAZP,1,590,40
GAZP,1,591,39
GAZP,1,591,40
GAZP,1,592,39
GAZP,1,592,40
GAZP,1,593,39
GAZP,1,593,40
GAZP,1,594,39
GAZP,1,594,40
GAZP,1,595,39
GAZP,1,595,40
GAZP,1,596,39
GAZP,1,596,40
GAZP,1,597,39
GAZP,1,597,40
GAZP,1,598,39
GAZP,1,598,40
GAZP,1,599,39
GAZP,1,599,40
GAZP,1,600,39
GAZP,1,600,40
GAZP,1,601,39
GAZP,1,601,40
GAZP,1,602,39
GAZP,1,602,40
GAZP,1,603,39
GAZP,1,603,40
GAZP,1,604,39
GAZP,1,604,40
GAZP,1,605,39
GAZP,1,605,40
GAZP,1,606,39
GAZP,1,606,40
GAZP,1,607,39
GAZP,1,607,40
GAZP,1,608,39
GAZP,1,608,40
GAZP,1,609,39
GAZP,1,609,40
GAZP,1,610,39
GAZP,1,610,40
GAZP,1,611,39
GAZP,1,611,40
GAZP,1,612,39
GAZP,1,612,40
GAZP,1,613,39
GAZP,1,613,40
GAZP,1,614,39
GAZP,1,614,40
GAZP,1,615,39
GAZP,1,615,40
GAZP,1,616,39
GAZP,1,616,40
GAZP,1,617,39
GAZP,1,617,40
GAZP,1,618,39
GAZP,1,618,40
GAZP,1,619,39
GAZP,1,619,40
GAZP,1,620,39
GAZP,1,620,40
GAZP,1,621,39
GAZP,1,621,40
GAZP,1,622,39
GAZP,1,622,40
GAZP,1,623,39
GAZP,1,623,40
GAZP,1,624,39
GAZP,1,624,40
GAZP,1,625,39
GAZP,1,625,40
GAZP,2,626,41
GAZP,2,627,41
GAZP,2,628,41
GAZP,2,629,41
GAZP,2,630,41
GAZP,2,631,41
GAZP,2,632,41
GAZP,2,633,41
GAZP,2,634,42
GAZP,2,635,42
GAZP,2,636,42
GAZP,2,637,42
GAZP,2,638,42
GAZP,2,639,42
GAZP,2,640,42
GAZP,2,641,42
GAZP,2,642,43
GAZP,2,643,43
GAZP,2,644,43
GAZP,2,645,43
GAZP,2,646,43
GAZP,2,647,43
GAZP,2,648,43
GAZP,2,649,43
GAZP,2,650,44
GAZP,2,651,44
GAZP,2,652,44
GAZP,2,653,44
GAZP,2,654,44
GAZP,2,655,44
GAZP,2,656,44
GAZP,2,657,44
GAZP,2,658,45
GAZP,2,658,46
GAZP,2,658,47
GAZP,2,658,48
GAZP,2,658,49
GAZP,2,658,50
GAZP,2,658,51
GAZP,2,658,52
GAZP,2,658,53
GAZP,2,659,45
GAZP,2,659,46
GAZP,2,659,47
GAZP,2,659,48
GAZP,2,659,49
GAZP,2,659,50
GAZP,2,659,51
GAZP,2,659,52
GAZP,2,659,53
GAZP,2,660,45
GAZP,2,660,46
GAZP,2,660,47
GAZP,2,660,48
GAZP,2,660,49
GAZP,2,660,50
GAZP,2,660,51
GAZP,2,660,52
GAZP,2,660,53
GAZP,2,661,45
GAZP,2,661,46
GAZP,2,661,47
GAZP,2,661,48
GAZP,2,661,49
GAZP,2,661,50
GAZP,2,661,51
GAZP,2,661,52
GAZP,2,661,53
GAZP,2,662,45
GAZP,2,662,46
GAZP,2,662,47
GAZP,2,662,48
GAZP,2,662,49
GAZP,2,662,50
GAZP,2,662,51
GAZP,2,662,52
GAZP,2,662,53
GAZP,2,663,45
GAZP,2,663,46
GAZP,2,663,47
GAZP,2,663,48
GAZP,2,663,49
GAZP,2,663,50
GAZP,2,663,51
GAZP,2,663,52
GAZP,2,663,53
GAZP,2,664,45
GAZP,2,664,46
GAZP,2,664,47
GAZP,2,664,48
GAZP,2,664,49
GAZP,2,664,50
GAZP,2,664,51
GAZP,2,664,52
GAZP,2,664,53
GAZP,2,665,45
GAZP,2,665,46
GAZP,2,665,47
GAZP,2,665,48
GAZP,2,665,49
GAZP,2,665,50
GAZP,2,665,51
GAZP,2,665,52
GAZP,2,665,53
GAZP,2,666,54
GAZP,2,666,55
GAZP,2,666,56
GAZP,2,666,57
GAZP,2,666,58
GAZP,2,666,59
GAZP,2,666,60
GAZP,2,666,61
GAZP,2,666,62
GAZP,2,667,54
GAZP,2,667,55
GAZP,2,667,56
GAZP,2,667,57
GAZP,2,667,58
GAZP,2,667,59
GAZP,2,667,60
GAZP,2,667,61
GAZP,2,667,62
GAZP,2,668,54
GAZP,2,668,55
GAZP,2,668,56
GAZP,2,668,57
GAZP,2,668,58
GAZP,2,668,59
GAZP,2,668,60
GAZP,2,668,61
GAZP,2,668,62
GAZP,2,669,54
GAZP,2,669,55
GAZP,2,669,56
GAZP,2,669,57
GAZP,2,669,58
GAZP,2,669,59
GAZP,2,669,60
GAZP,2,669,61
GAZP,2,669,62
GAZP,2,670,54
GAZP,2,670,55
GAZP,2,670,56
GAZP,2,670,57
GAZP,2,670,58
GAZP,2,670,59
GAZP,2,670,60
GAZP,2,670,61
GAZP,2,670,62
GAZP,2,671,54
GAZP,2,671,55
GAZP,2,671,56
GAZP,2,671,57
GAZP,2,671,58
GAZP,2,671,59
GAZP,2,671,60
GAZP,2,671,61
GAZP,2,671,62
GAZP,2,672,54
GAZP,2,672,55
GAZP,2,672,56
GAZP,2,672,57
GAZP,2,672,58
GAZP,2,672,59
GAZP,2,672,60
GAZP,2,672,61
GAZP,2,672,62
GAZP,2,673,54
GAZP,2,673,55
GAZP,2,673,56
GAZP,2,673,57
GAZP,2,673,58
GAZP,2,673,59
GAZP,2,673,60
GAZP,2,673,61
GAZP,2,673,62
GAZP,2,674,63
GAZP,2,675,63
GAZP,2,676,63
GAZP,2,677,63
GAZP,2,678,63
GAZP,2,679,63
GAZP,2,680,63
GAZP,2,681,63
GAZP,2,682,64
GAZP,2,683,64
GAZP,2,684,64
GAZP,2,685,64
GAZP,2,686,64
GAZP,2,687,64
GAZP,2,688,64
GAZP,2,689,64
GAZP,2,690,65
GAZP,2,690,66
GAZP,2,690,67
GAZP,2,690,68
GAZP,2,690,69
GAZP,2,690,70
GAZP,2,690,71
GAZP,2,690,72
GAZP,2,690,73
GAZP,2,691,65
GAZP,2,691,66
GAZP,2,691,67
GAZP,2,691,68
GAZP,2,691,69
GAZP,2,691,70
GAZP,2,691,71
GAZP,2,691,72
GAZP,2,691,73
GAZP,2,692,65
GAZP,2,692,66
GAZP,2,692,67
GAZP,2,692,68
GAZP,2,692,69
GAZP,2,692,70
GAZP,2,692,71
GAZP,2,692,72
GAZP,2,692,73
GAZP,2,693,65
GAZP,2,693,66
GAZP,2,693,67
GAZP,2,693,68
GAZP,2,693,69
GAZP,2,693,70
GAZP,2,693,71
GAZP,2,693,72
GAZP,2,693,73
GAZP,2,694,65
GAZP,2,694,66
GAZP,2,694,67
GAZP,2,694,68
GAZP,2,694,69
GAZP,2,694,70
GAZP,2,694,71
GAZP,2,694,72
GAZP,2,694,73
GAZP,2,695,65
GAZP,2,695,66
GAZP,2,695,67
GAZP,2,695,68
GAZP,2,695,69
GAZP,2,695,70
GAZP,2,695,71
GAZP,2,695,72
GAZP,2,695,73
GAZP,2,696,65
GAZP,2,696,66
GAZP,2,696,67
GAZP,2,696,68
GAZP,2,696,69
GAZP,2,696,70
GAZP,2,696,71
GAZP,2,696,72
GAZP,2,696,73
GAZP,2,697,65
GAZP,2,697,66
GAZP,2,697,67
GAZP,2,697,68
GAZP,2,697,69
GAZP,2,697,70
GAZP,2,697,71
GAZP,2,697,72
GAZP,2,697,73
GAZP,2,698,74
GAZP,2,698,75
GAZP,2,698,76
GAZP,2,698,77
GAZP,2,698,78
GAZP,2,698,79
GAZP,2,698,80
GAZP,2,698,81
GAZP,2,698,82
GAZP,2,699,74
GAZP,2,699,75
GAZP,2,699,76
GAZP,2,699,77
GAZP,2,699,78
GAZP,2,699,79
GAZP,2,699,80
GAZP,2,699,81
GAZP,2,699,82
GAZP,2,700,74
GAZP,2,700,75
GAZP,2,700,76
GAZP,2,700,77
GAZP,2,700,78
GAZP,2,700,79
GAZP,2,700,80
GAZP,2,700,81
GAZP,2,700,82
GAZP,2,701,74
GAZP,2,701,75
GAZP,2,701,76
GAZP,2,701,77
GAZP,2,701,78
GAZP,2,701,79
GAZP,2,701,80
GAZP,2,701,81
GAZP,2,701,82
GAZP,2,702,74
GAZP,2,702,75
GAZP,2,702,76
GAZP,2,702,77
GAZP,2,702,78
GAZP,2,702,79
GAZP,2,702,80
GAZP,2,702,81
GAZP,2,702,82
GAZP,2,703,74
GAZP,2,703,75
GAZP,2,703,76
GAZP,2,703,77
GAZP,2,703,78
GAZP,2,703,79
GAZP,2,703,80
GAZP,2,703,81
GAZP,2,703,82
GAZP,2,704,74
GAZP,2,704,75
GAZP,2,704,76
GAZP,2,704,77
GAZP,2,704,78
GAZP,2,704,79
GAZP,2,704,80
GAZP,2,704,81
GAZP,2,704,82
GAZP,2,705,74
GAZP,2,705,75
GAZP,2,705,76
GAZP,2,705,77
GAZP,2,705,78
GAZP,2,705,79
GAZP,2,705,80
GAZP,2,705,81
GAZP,2,705,82
GAZP,2,706,83
GAZP,2,707,83
GAZP,2,708,83
GAZP,2,709,83
GAZP,2,710,83
GAZP,2,711,83
GAZP,2,712,83
GAZP,2,713,83
GAZP,2,714,84
GAZP,2,715,84
GAZP,2,716,84
GAZP,2,717,84
GAZP,2,718,84
GAZP,2,719,84
GAZP,2,720,84
GAZP,2,721,84
GAZP,2,722,85
GAZP,2,723,85
GAZP,2,724,85
GAZP,2,725,85
GAZP,2,726,85
GAZP,2,727,85
GAZP,2,728,85
GAZP,2,729,85
GAZP,2,730,86
GAZP,2,731,86
GAZP,2,732,86
GAZP,2,733,86
GAZP,2,734,86
GAZP,2,735,86
GAZP,2,736,86
GAZP,2,737,86
GAZP,2,738,87
GAZP,2,738,88
GAZP,2,738,89
GAZP,2,738,90
GAZP,2,738,91
GAZP,2,738,92
GAZP,2,738,93
GAZP,2,738,94
GAZP,2,738,95
GAZP,2,739,87
GAZP,2,739,88
GAZP,2,739,89
GAZP,2,739,90
GAZP,2,739,91
GAZP,2,739,92
GAZP,2,739,93
GAZP,2,739,94
GAZP,2,739,95
GAZP,2,740,87
GAZP,2,740,88
GAZP,2,740,89
GAZP,2,740,90
GAZP,2,740,91
GAZP,2,740,92
GAZP,2,740,93
GAZP,2,740,94
GAZP,2,740,95
GAZP,2,741,87
GAZP,2,741,88
GAZP,2,741,89
GAZP,2,741,90
GAZP,2,741,91
GAZP,2,741,92
GAZP,2,741,93
GAZP,2,741,94
GAZP,2,741,95
GAZP,2,742,87
GAZP,2,742,88
GAZP,2,742,89
GAZP,2,742,90
GAZP,2,742,91
GAZP,2,742,92
GAZP,2,742,93
GAZP,2,742,94
GAZP,2,742,95
GAZP,2,743,87
GAZP,2,743,88
GAZP,2,743,89
GAZP,2,743,90
GAZP,2,743,91
GAZP,2,743,92
GAZP,2,743,93
GAZP,2,743,94
GAZP,2,743,95
GAZP,2,744,87
GAZP,2,744,88
GAZP,2,744,89
GAZP,2,744,90
GAZP,2,744,91
GAZP,2,744,92
GAZP,2,744,93
GAZP,2,744,94
GAZP,2,744,95
GAZP,2,745,87
GAZP,2,745,88
GAZP,2,745,89
GAZP,2,745,90
GAZP,2,745,91
GAZP,2,745,92
GAZP,2,745,93
GAZP,2,745,94
GAZP,2,745,95
GAZP,2,746,96
GAZP,2,746,97
GAZP,2,746,98
GAZP,2,746,99
GAZP,2,746,100
GAZP,2,746,101
GAZP,2,746,102
GAZP,2,746,103
GAZP,2,746,104
GAZP,2,747,96
GAZP,2,747,97
GAZP,2,747,98
GAZP,2,747,99
GAZP,2,747,100
GAZP,2,747,101
GAZP,2,747,102
GAZP,2,747,103
GAZP,2,747,104
GAZP,2,748,96
GAZP,2,748,97
GAZP,2,748,98
GAZP,2,748,99
GAZP,2,748,100
GAZP,2,748,101
GAZP,2,748,102
GAZP,2,748,103
GAZP,2,748,104
GAZP,2,749,96
GAZP,2,749,97
GAZP,2,749,98
GAZP,2,749,99
GAZP,2,749,100
GAZP,2,749,101
GAZP,2,749,102
GAZP,2,749,103
GAZP,2,749,104
GAZP,2,750,96
GAZP,2,750,97
GAZP,2,750,98
GAZP,2,750,99
GAZP,2,750,100
GAZP,2,750,101
GAZP,2,750,102
GAZP,2,750,103
GAZP,2,750,104
GAZP,2,751,96
GAZP,2,751,97
GAZP,2,751,98
GAZP,2,751,99
GAZP,2,751,100
GAZP,2,751,101
GAZP,2,751,102
GAZP,2,751,103
GAZP,2,751,104
GAZP,2,752,96
GAZP,2,752,97
GAZP,2,752,98
GAZP,2,752,99
GAZP,2,752,100
GAZP,2,752,101
GAZP,2,752,102
GAZP,2,752,103
GAZP,2,752,104
GAZP,2,753,96
GAZP,2,753,97
GAZP,2,753,98
GAZP,2,753,99
GAZP,2,753,100
GAZP,2,753,101
GAZP,2,753,102
GAZP,2,753,103
GAZP,2,753,104
GAZP,2,754,105
GAZP,2,755,105
GAZP,2,756,105
GAZP,2,757,105
GAZP,2,758,105
GAZP,2,759,105
GAZP,2,760,105
GAZP,2,761,105
GAZP,2,762,106
GAZP,2,763,106
GAZP,2,764,106
GAZP,2,765,106
GAZP,2,766,106
GAZP,2,767,106
GAZP,2,768,106
GAZP,2,769,106
GAZP,2,770,107
GAZP,2,770,108
GAZP,2,770,109
GAZP,2,770,110
GAZP,2,770,111
GAZP,2,770,112
GAZP,2,770,113
GAZP,2,770,114
GAZP,2,770,115
GAZP,2,771,107
GAZP,2,771,108
GAZP,2,771,109
GAZP,2,771,110
GAZP,2,771,111
GAZP,2,771,112
GAZP,2,771,113
GAZP,2,771,114
GAZP,2,771,115
GAZP,2,772,107
GAZP,2,772,108
GAZP,2,772,109
GAZP,2,772,110
GAZP,2,772,111
GAZP,2,772,112
GAZP,2,772,113
GAZP,2,772,114
GAZP,2,772,115
GAZP,2,773,107
GAZP,2,773,108
GAZP,2,773,109
GAZP,2,773,110
GAZP,2,773,111
GAZP,2,773,112
GAZP,2,773,113
GAZP,2,773,114
GAZP,2,773,115
GAZP,2,774,107
GAZP,2,774,108
GAZP,2,774,109
GAZP,2,774,110
GAZP,2,774,111
GAZP,2,774,112
GAZP,2,774,113
GAZP,2,774,114
GAZP,2,774,115
GAZP,2,775,107
GAZP,2,775,108
GAZP,2,775,109
GAZP,2,775,110
GAZP,2,775,111
GAZP,2,775,112
GAZP,2,775,113
GAZP,2,775,114
GAZP,2,775,115
GAZP,2,776,107
GAZP,2,776,108
GAZP,2,776,109
GAZP,2,776,110
GAZP,2,776,111
GAZP,2,776,112
GAZP,2,776,113
GAZP,2,776,114
GAZP,2,776,115
GAZP,2,777,107
GAZP,2,777,108
GAZP,2,777,109
GAZP,2,777,110
GAZP,2,777,111
GAZP,2,777,112
GAZP,2,777,113
GAZP,2,777,114
GAZP,2,777,115
GAZP,2,778,116
GAZP,2,778,117
GAZP,2,778,118
GAZP,2,778,119
GAZP,2,778,120
GAZP,2,778,121
GAZP,2,778,122
GAZP,2,778,123
GAZP,2,778,124
GAZP,2,779,116
GAZP,2,779,117
GAZP,2,779,118
GAZP,2,779,119
GAZP,2,779,120
GAZP,2,779,121
GAZP,2,779,122
GAZP,2,779,123
GAZP,2,779,124
GAZP,2,780,116
GAZP,2,780,117
GAZP,2,780,118
GAZP,2,780,119
GAZP,2,780,120
GAZP,2,780,121
GAZP,2,780,122
GAZP,2,780,123
GAZP,2,780,124
GAZP,2,781,116
GAZP,2,781,117
GAZP,2,781,118
GAZP,2,781,119
GAZP,2,781,120
GAZP,2,781,121
GAZP,2,781,122
GAZP,2,781,123
GAZP,2,781,124
GAZP,2,782,116
GAZP,2,782,117
GAZP,2,782,118
GAZP,2,782,119
GAZP,2,782,120
GAZP,2,782,121
GAZP,2,782,122
GAZP,2,782,123
GAZP,2,782,124
GAZP,2,783,116
GAZP,2,783,117
GAZP,2,783,118
GAZP,2,783,119
GAZP,2,783,120
GAZP,2,783,121
GAZP,2,783,122
GAZP,2,783,123
GAZP,2,783,124
GAZP,2,784,116
GAZP,2,784,117
GAZP,2,784,118
GAZP,2,784,119
GAZP,2,784,120
GAZP,2,784,121
GAZP,2,784,122
GAZP,2,784,123
GAZP,2,784,124
GAZP,2,785,116
GAZP,2,785,117
GAZP,2,785,118
GAZP,2,785,119
GAZP,2,785,120
GAZP,2,785,121
GAZP,2,785,122
GAZP,2,785,123
GAZP,2,785,124
GAZP,2,786,125
GAZP,2,787,125
GAZP,2,788,125
GAZP,2,789,125
GAZP,2,790,125
GAZP,2,791,125
GAZP,2,792,125
GAZP,2,793,125
GAZP,2,794,126
GAZP,2,795,126
GAZP,2,796,126
GAZP,2,797,126
GAZP,2,798,126
GAZP,2,799,126
GAZP,2,800,126
GAZP,2,801,126
GAZP,2,802,127
GAZP,2,803,127
GAZP,2,804,127
GAZP,2,805,127
GAZP,2,806,127
GAZP,2,807,127
GAZP,2,808,127
GAZP,2,809,127
GAZP,2,810,128
GAZP,2,811,128
GAZP,2,812,128
GAZP,2,813,128
GAZP,2,814,128
GAZP,2,815,128
GAZP,2,816,128
GAZP,2,817,128
GAZP,2,818,129
GAZP,2,818,130
GAZP,2,818,131
GAZP,2,818,132
GAZP,2,818,133
GAZP,2,818,134
GAZP,2,818,135
GAZP,2,818,136
GAZP,2,818,137
GAZP,2,819,129
GAZP,2,819,130
GAZP,2,819,131
GAZP,2,819,132
GAZP,2,819,133
GAZP,2,819,134
GAZP,2,819,135
GAZP,2,819,136
GAZP,2,819,137
GAZP,2,820,129
GAZP,2,820,130
GAZP,2,820,131
GAZP,2,820,132
GAZP,2,820,133
GAZP,2,820,134
GAZP,2,820,135
GAZP,2,820,136
GAZP,2,820,137
GAZP,2,821,129
GAZP,2,821,130
GAZP,2,821,131
GAZP,2,821,132
GAZP,2,821,133
GAZP,2,821,134
GAZP,2,821,135
GAZP,2,821,136
GAZP,2,821,137
GAZP,2,822,129
GAZP,2,822,130
GAZP,2,822,131
GAZP,2,822,132
GAZP,2,822,133
GAZP,2,822,134
GAZP,2,822,135
GAZP,2,822,136
GAZP,2,822,137
GAZP,2,823,129
GAZP,2,823,130
GAZP,2,823,131
GAZP,2,823,132
GAZP,2,823,133
GAZP,2,823,134
GAZP,2,823,135
GAZP,2,823,136
GAZP,2,823,137
GAZP,2,824,129
GAZP,2,824,130
GAZP,2,824,131
GAZP,2,824,132
GAZP,2,824,133
GAZP,2,824,134
GAZP,2,824,135
GAZP,2,824,136
GAZP,2,824,137
GAZP,2,825,129
GAZP,2,825,130
GAZP,2,825,131
GAZP,2,825,132
GAZP,2,825,133
GAZP,2,825,134
GAZP,2,825,135
GAZP,2,825,136
GAZP,2,825,137
GAZP,2,826,138
GAZP,2,826,139
GAZP,2,826,140
GAZP,2,826,141
GAZP,2,826,142
GAZP,2,826,143
GAZP,2,826,144
GAZP,2,826,145
GAZP,2,826,146
GAZP,2,827,138
GAZP,2,827,139
GAZP,2,827,140
GAZP,2,827,141
GAZP,2,827,142
GAZP,2,827,143
GAZP,2,827,144
GAZP,2,827,145
GAZP,2,827,146
GAZP,2,828,138
GAZP,2,828,139
GAZP,2,828,140
GAZP,2,828,141
GAZP,2,828,142
GAZP,2,828,143
GAZP,2,828,144
GAZP,2,828,145
GAZP,2,828,146
GAZP,2,829,138
GAZP,2,829,139
GAZP,2,829,140
GAZP,2,829,141
GAZP,2,829,142
GAZP,2,829,143
GAZP,2,829,144
GAZP,2,829,145
GAZP,2,829,146
GAZP,2,830,138
GAZP,2,830,139
GAZP,2,830,140
GAZP,2,830,141
GAZP,2,830,142
GAZP,2,830,143
GAZP,2,830,144
GAZP,2,830,145
GAZP,2,830,146
GAZP,2,831,138
GAZP,2,831,139
GAZP,2,831,140
GAZP,2,831,141
GAZP,2,831,142
GAZP,2,831,143
GAZP,2,831,144
GAZP,2,831,145
GAZP,2,831,146
GAZP,2,832,138
GAZP,2,832,139
GAZP,2,832,140
GAZP,2,832,141
GAZP,2,832,142
GAZP,2,832,143
GAZP,2,832,144
GAZP,2,832,145
GAZP,2,832,146
GAZP,2,833,138
GAZP,2,833,139
GAZP,2,833,140
GAZP,2,833,141
GAZP,2,833,142
GAZP,2,833,143
GAZP,2,833,144
GAZP,2,833,145
GAZP,2,833,146
GAZP,2,834,147
GAZP,2,835,147
GAZP,2,836,147
GAZP,2,837,147
GAZP,2,838,147
GAZP,2,839,147
GAZP,2,840,147
GAZP,2,841,147
GAZP,2,842,148
GAZP,2,843,148
GAZP,2,844,148
GAZP,2,845,148
GAZP,2,846,148
GAZP,2,847,148
GAZP,2,848,148
GAZP,2,849,148
GAZP,2,850,149
GAZP,2,850,150
GAZP,2,850,151
GAZP,2,850,152
GAZP,2,850,153
GAZP,2,850,154
GAZP,2,850,155
GAZP,2,850,156
GAZP,2,850,157
GAZP,2,851,149
GAZP,2,851,150
GAZP,2,851,151
GAZP,2,851,152
GAZP,2,851,153
GAZP,2,851,154
GAZP,2,851,155
GAZP,2,851,156
GAZP,2,851,157
GAZP,2,852,149
GAZP,2,852,150
GAZP,2,852,151
GAZP,2,852,152
GAZP,2,852,153
GAZP,2,852,154
GAZP,2,852,155
GAZP,2,852,156
GAZP,2,852,157
GAZP,2,853,149
GAZP,2,853,150
GAZP,2,853,151
GAZP,2,853,152
GAZP,2,853,153
GAZP,2,853,154
GAZP,2,853,155
GAZP,2,853,156
GAZP,2,853,157
GAZP,2,854,149
GAZP,2,854,150
GAZP,2,854,151
GAZP,2,854,152
GAZP,2,854,153
GAZP,2,854,154
GAZP,2,854,155
GAZP,2,854,156
GAZP,2,854,157
GAZP,2,855,149
GAZP,2,855,150
GAZP,2,855,151
GAZP,2,855,152
GAZP,2,855,153
GAZP,2,855,154
GAZP,2,855,155
GAZP,2,855,156
GAZP,2,855,157
GAZP,2,856,149
GAZP,2,856,150
GAZP,2,856,151
GAZP,2,856,152
GAZP,2,856,153
GAZP,2,856,154
GAZP,2,856,155
GAZP,2,856,156
GAZP,2,856,157
GAZP,2,857,149
GAZP,2,857,150
GAZP,2,857,151
GAZP,2,857,152
GAZP,2,857,153
GAZP,2,857,154
GAZP,2,857,155
GAZP,2,857,156
GAZP,2,857,157
GAZP,2,858,158
GAZP,2,858,159
GAZP,2,858,160
GAZP,2,858,161
GAZP,2,858,162
GAZP,2,858,163
GAZP,2,858,164
GAZP,2,858,165
GAZP,2,858,166
GAZP,2,859,158
GAZP,2,859,159
GAZP,2,859,160
GAZP,2,859,161
GAZP,2,859,162
GAZP,2,859,163
GAZP,2,859,164
GAZP,2,859,165
GAZP,2,859,166
GAZP,2,860,158
GAZP,2,860,159
GAZP,2,860,160
GAZP,2,860,161
GAZP,2,860,162
GAZP,2,860,163
GAZP,2,860,164
GAZP,2,860,165
GAZP,2,860,166
GAZP,2,861,158
GAZP,2,861,159
GAZP,2,861,160
GAZP,2,861,161
GAZP,2,861,162
GAZP,2,861,163
GAZP,2,861,164
GAZP,2,861,165
GAZP,2,861,166
GAZP,2,862,158
GAZP,2,862,159
GAZP,2,862,160
GAZP,2,862,161
GAZP,2,862,162
GAZP,2,862,163
GAZP,2,862,164
GAZP,2,862,165
GAZP,2,862,166
GAZP,2,863,158
GAZP,2,863,159
GAZP,2,863,160
GAZP,2,863,161
GAZP,2,863,162
GAZP,2,863,163
GAZP,2,863,164
GAZP,2,863,165
GAZP,2,863,166
GAZP,2,864,158
GAZP,2,864,159
GAZP,2,864,160
GAZP,2,864,161
GAZP,2,864,162
GAZP,2,864,163
GAZP,2,864,164
GAZP,2,864,165
GAZP,2,864,166
GAZP,2,865,158
GAZP,2,865,159
GAZP,2,865,160
GAZP,2,865,161
GAZP,2,865,162
GAZP,2,865,163
GAZP,2,865,164
GAZP,2,865,165
GAZP,2,865,166
GAZP,2,866,167
GAZP,2,866,168
GAZP,2,866,169
GAZP,2,866,170
GAZP,2,866,171
GAZP,2,866,172
GAZP,2,866,173
GAZP,2,866,174
GAZP,2,866,175
GAZP,2,867,167
GAZP,2,867,168
GAZP,2,867,169
GAZP,2,867,170
GAZP,2,867,171
GAZP,2,867,172
GAZP,2,867,173
GAZP,2,867,174
GAZP,2,867,175
GAZP,2,868,167
GAZP,2,868,168
GAZP,2,868,169
GAZP,2,868,170
GAZP,2,868,171
GAZP,2,868,172
GAZP,2,868,173
GAZP,2,868,174
GAZP,2,868,175
GAZP,2,869,167
GAZP,2,869,168
GAZP,2,869,169
GAZP,2,869,170
GAZP,2,869,171
GAZP,2,869,172
GAZP,2,869,173
GAZP,2,869,174
GAZP,2,869,175
GAZP,2,870,167
GAZP,2,870,168
GAZP,2,870,169
GAZP,2,870,170
GAZP,2,870,171
GAZP,2,870,172
GAZP,2,870,173
GAZP,2,870,174
GAZP,2,870,175
GAZP,2,871,167
GAZP,2,871,168
GAZP,2,871,169
GAZP,2,871,170
GAZP,2,871,171
GAZP,2,871,172
GAZP,2,871,173
GAZP,2,871,174
GAZP,2,871,175
GAZP,2,872,167
GAZP,2,872,168
GAZP,2,872,169
GAZP,2,872,170
GAZP,2,872,171
GAZP,2,872,172
GAZP,2,872,173
GAZP,2,872,174
GAZP,2,872,175
GAZP,2,873,167
GAZP,2,873,168
GAZP,2,873,169
GAZP,2,873,170
GAZP,2,873,171
GAZP,2,873,172
GAZP,2,873,173
GAZP,2,873,174
GAZP,2,873,175
GAZP,2,874,176
GAZP,2,874,177
GAZP,2,874,178
GAZP,2,874,179
GAZP,2,874,180
GAZP,2,874,181
GAZP,2,874,182
GAZP,2,874,183
GAZP,2,874,184
GAZP,2,875,176
GAZP,2,875,177
GAZP,2,875,178
GAZP,2,875,179
GAZP,2,875,180
GAZP,2,875,181
GAZP,2,875,182
GAZP,2,875,183
GAZP,2,875,184
GAZP,2,876,176
GAZP,2,876,177
GAZP,2,876,178
GAZP,2,876,179
GAZP,2,876,180
GAZP,2,876,181
GAZP,2,876,182
GAZP,2,876,183
GAZP,2,876,184
GAZP,2,877,176
GAZP,2,877,177
GAZP,2,877,178
GAZP,2,877,179
GAZP,2,877,180
GAZP,2,877,181
GAZP,2,877,182
GAZP,2,877,183
GAZP,2,877,184
GAZP,2,878,176
GAZP,2,878,177
GAZP,2,878,178
GAZP,2,878,179
GAZP,2,878,180
GAZP,2,878,181
GAZP,2,878,182
GAZP,2,878,183
GAZP,2,878,184
GAZP,2,879,176
GAZP,2,879,177
GAZP,2,879,178
GAZP,2,879,179
GAZP,2,879,180
GAZP,2,879,181
GAZP,2,879,182
GAZP,2,879,183
GAZP,2,879,184
GAZP,2,880,176
GAZP,2,880,177
GAZP,2,880,178
GAZP,2,880,179
GAZP,2,880,180
GAZP,2,880,181
GAZP,2,880,182
GAZP,2,880,183
GAZP,2,880,184
GAZP,2,881,176
GAZP,2,881,177
GAZP,2,881,178
GAZP,2,881,179
GAZP,2,881,180
GAZP,2,881,181
GAZP,2,881,182
GAZP,2,881,183
GAZP,2,881,184
GAZP,2,882,185
GAZP,2,883,185
GAZP,2,884,185
GAZP,2,885,185
GAZP,2,886,185
GAZP,2,887,185
GAZP,2,888,185
GAZP,2,889,185
GAZP,2,890,186
GAZP,2,891,186
GAZP,2,892,186
GAZP,2,893,186
GAZP,2,894,186
GAZP,2,895,186
GAZP,2,896,186
GAZP,2,897,186
GAZP,2,898,187
GAZP,2,898,188
GAZP,2,898,189
GAZP,2,898,190
GAZP,2,898,191
GAZP,2,898,192
GAZP,2,898,193
GAZP,2,898,194
GAZP,2,898,195
GAZP,2,899,187
GAZP,2,899,188
GAZP,2,899,189
GAZP,2,899,190
GAZP,2,899,191
GAZP,2,899,192
GAZP,2,899,193
GAZP,2,899,194
GAZP,2,899,195
GAZP,2,900,187
GAZP,2,900,188
GAZP,2,900,189
GAZP,2,900,190
GAZP,2,900,191
GAZP,2,900,192
GAZP,2,900,193
GAZP,2,900,194
GAZP,2,900,195
GAZP,2,901,187
GAZP,2,901,188
GAZP,2,901,189
GAZP,2,901,190
GAZP,2,901,191
GAZP,2,901,192
GAZP,2,901,193
GAZP,2,901,194
GAZP,2,901,195
GAZP,2,902,187
GAZP,2,902,188
GAZP,2,902,189
GAZP,2,902,190
GAZP,2,902,191
GAZP,2,902,192
GAZP,2,902,193
GAZP,2,902,194
GAZP,2,902,195
GAZP,2,903,187
GAZP,2,903,188
GAZP,2,903,189
GAZP,2,903,190
GAZP,2,903,191
GAZP,2,903,192
GAZP,2,903,193
GAZP,2,903,194
GAZP,2,903,195
GAZP,2,904,187
GAZP,2,904,188
GAZP,2,904,189
GAZP,2,904,190
GAZP,2,904,191
GAZP,2,904,192
GAZP,2,904,193
GAZP,2,904,194
GAZP,2,904,195
GAZP,2,905,187
GAZP,2,905,188
GAZP,2,905,189
GAZP,2,905,190
GAZP,2,905,191
GAZP,2,905,192
GAZP,2,905,193
GAZP,2,905,194
GAZP,2,905,195
GAZP,2,906,196
GAZP,2,906,197
GAZP,2,906,198
GAZP,2,906,199
GAZP,2,906,200
GAZP,2,906,201
GAZP,2,906,202
GAZP,2,906,203
GAZP,2,906,204
GAZP,2,907,196
GAZP,2,907,197
GAZP,2,907,198
GAZP,2,907,199
GAZP,2,907,200
GAZP,2,907,201
GAZP,2,907,202
GAZP,2,907,203
GAZP,2,907,204
GAZP,2,908,196
GAZP,2,908,197
GAZP,2,908,198
GAZP,2,908,199
GAZP,2,908,200
GAZP,2,908,201
GAZP,2,908,202
GAZP,2,908,203
GAZP,2,908,204
GAZP,2,909,196
GAZP,2,909,197
GAZP,2,909,198
GAZP,2,909,199
GAZP,2,909,200
GAZP,2,909,201
GAZP,2,909,202
GAZP,2,909,203
GAZP,2,909,204
GAZP,2,910,196
GAZP,2,910,197
GAZP,2,910,198
GAZP,2,910,199
GAZP,2,910,200
GAZP,2,910,201
GAZP,2,910,202
GAZP,2,910,203
GAZP,2,910,204
GAZP,2,911,196
GAZP,2,911,197
GAZP,2,911,198
GAZP,2,911,199
GAZP,2,911,200
GAZP,2,911,201
GAZP,2,911,202
GAZP,2,911,203
GAZP,2,911,204
GAZP,2,912,196
GAZP,2,912,197
GAZP,2,912,198
GAZP,2,912,199
GAZP,2,912,200
GAZP,2,912,201
GAZP,2,912,202
GAZP,2,912,203
GAZP,2,912,204
GAZP,2,913,196
GAZP,2,913,197
GAZP,2,913,198
GAZP,2,913,199
GAZP,2,913,200
GAZP,2,913,201
GAZP,2,913,202
GAZP,2,913,203
GAZP,2,913,204
GAZP,3,914,205
GAZP,3,915,205
GAZP,3,916,205
GAZP,3,917,205
GAZP,3,918,205
GAZP,3,919,205
GAZP,3,920,205
GAZP,3,921,205
GAZP,3,922,205
GAZP,3,923,206
GAZP,3,924,206
GAZP,3,925,206
GAZP,3,926,206
GAZP,3,927,206
GAZP,3,928,206
GAZP,3,929,206
GAZP,3,930,206
GAZP,3,931,206
GAZP,3,932,207
GAZP,3,933,207
GAZP,3,934,207
GAZP,3,935,207
GAZP,3,936,207
GAZP,3,937,207
GAZP,3,938,207
GAZP,3,939,207
GAZP,3,940,207
GAZP,5,941,208
GAZP,5,942,208
GAZP,5,943,208
GAZP,5,944,209
GAZP,5,945,209
GAZP,5,946,209
GAZP,5,947,210
GAZP,5,948,210
GAZP,5,949,210
GAZP,5,950,211
GAZP,5,951,211
GAZP,5,952,211
GAZP,5,953,212
GAZP,5,954,212
GAZP,5,955,212
GAZP,5,956,213
GAZP,5,957,213
GAZP,5,958,213
GAZP,5,959,214
GAZP,5,960,215
GAZP,5,961,215
GAZP,5,962,215
GAZP,5,963,216
GAZP,5,964,216
GAZP,5,965,216
GAZP,5,966,217
GAZP,5,967,218
GAZP,5,968,218
GAZP,5,969,218
GAZP,5,970,219
GAZP,5,971,219
GAZP,5,972,219
GAZP,5,973,220
GAZP,5,974,220
GAZP,5,975,221
GAZP,5,976,221
GAZP,5,977,222
GAZP,5,978,222
GAZP,5,979,223
GAZP,5,980,223
GAZP,5,981,224
GAZP,5,982,224
GAZP,5,983,224
GAZP,5,984,225
GAZP,5,985,226
GAZP,5,986,226
GAZP,5,987,226
GAZP,5,988,227
GAZP,5,989,227
GAZP,5,990,227
GAZP,5,991,228
GAZP,5,992,228
GAZP,5,993,228
GAZP,5,994,229
GAZP,5,995,229
GAZP,5,996,230
GAZP,5,997,230
GAZP,5,998,230
GAZP,5,999,231
GAZP,5,1000,231
GAZP,5,1001,231
GAZP,5,1002,232
GAZP,5,1003,232
GAZP,5,1004,232
GAZP,5,1005,233
GAZP,5,1006,233
GAZP,5,1007,233
GAZP,5,1008,234
GAZP,5,1009,234
GAZP,5,1010,234
GAZP,5,1011,235
GAZP,5,1012,235
GAZP,5,1013,235
GAZP,5,1014,236
GAZP,5,1015,236
GAZP,5,1016,236
GAZP,5,1017,237
GAZP,5,1018,237
GAZP,5,1019,237
GAZP,5,1020,238
GAZP,5,1021,238
GAZP,5,1022,238
GAZP,5,1023,239
GAZP,5,1024,239
GAZP,5,1025,239
GAZP,5,1026,240
GAZP,5,1027,240
GAZP,5,1028,240
GAZP,5,1029,241
GAZP,5,1030,241
GAZP,5,1031,241
GAZP,5,1032,242
GAZP,5,1033,242
GAZP,5,1034,242
GAZP,5,1035,243
GAZP,5,1036,243
GAZP,5,1037,243
GAZP,5,1038,244
GAZP,5,1039,244
GAZP,5,1040,244
GAZP,5,1041,245
GAZP,5,1042,245
GAZP,5,1043,245
GAZP,5,1044,246
GAZP,5,1045,246
GAZP,5,1046,246
GAZP,5,1047,247
GAZP,5,1048,247
GAZP,5,1049,247
GAZP,5,1050,248
GAZP,5,1051,248
GAZP,5,1052,248
GAZP,5,1053,249
GAZP,5,1054,250
GAZP,5,1055,250
GAZP,5,1056,250
GAZP,5,1057,251
GAZP,5,1058,251
GAZP,5,1059,251
GAZP,5,1060,252
GAZP,5,1061,252
GAZP,5,1062,252
GAZP,5,1063,253
GAZP,5,1064,253
GAZP,5,1065,253
GAZP,5,1066,254
GAZP,5,1067,255
GAZP,5,1068,256
GAZP,5,1069,256
GAZP,5,1070,256
GAZP,5,1071,257
GAZP,5,1072,257
GAZP,5,1073,257
GAZP,5,1074,258
GAZP,5,1075,258
GAZP,5,1076,258
GAZP,5,1077,259
GAZP,5,1078,259
GAZP,5,1079,259
GAZP,5,1080,260
GAZP,5,1081,260
GAZP,5,1082,260
GAZP,5,1083,261
GAZP,5,1084,261
GAZP,5,1085,262
GAZP,5,1086,262
GAZP,5,1087,263
GAZP,5,1088,263
GAZP,5,1089,264
GAZP,5,1090,264
GAZP,5,1091,264
GAZP,5,1092,265
GAZP,5,1093,265
GAZP,5,1094,266
GAZP,5,1095,266
GAZP,5,1096,267
GAZP,5,1097,267
GAZP,5,1098,268
GAZP,5,1099,268
GAZP,5,1100,269
GAZP,5,1101,269
GAZP,5,1102,270
GAZP,5,1103,270
GAZP,5,1104,271
GAZP,5,1105,271
GAZP,5,1106,272
GAZP,5,1107,272
GAZP,5,1108,273
GAZP,5,1109,273
GAZP,5,1110,274
GAZP,5,1111,274
GAZP,5,1112,275
GAZP,5,1113,275
GAZP,5,1114,275
GAZP,5,1115,276
GAZP,5,1116,276
GAZP,5,1117,277
GAZP,5,1118,277
GAZP,5,1119,278
GAZP,5,1120,278
GAZP,5,1121,279
GAZP,5,1122,279
GAZP,5,1123,280
GAZP,5,1124,280
GAZP,5,1125,281
GAZP,5,1126,281
GAZP,5,1127,282
GAZP,5,1128,282
GAZP,5,1129,283
GAZP,5,1130,283
GAZP,5,1131,284
GAZP,5,1132,284
GAZP,5,1133,285
GAZP,5,1134,285
GAZP,5,1135,286
GAZP,5,1136,286
GAZP,5,1137,286
GAZP,5,1138,287
GAZP,5,1139,287
GAZP,5,1140,288
GAZP,5,1141,288
GAZP,5,1142,289
GAZP,5,1143,289
GAZP,5,1144,290
GAZP,5,1145,290
GAZP,5,1146,291
GAZP,5,1147,291
GAZP,5,1148,292
GAZP,5,1149,292
GAZP,5,1150,293
GAZP,5,1151,293
GAZP,5,1152,294
GAZP,5,1153,295
GAZP,5,1154,296
GAZP,5,1155,297
GAZP,5,1156,297
GAZP,5,1157,297
GAZP,5,1158,298
GAZP,5,1159,299
GAZP,5,1160,300
GAZP,5,1161,301
GAZP,5,1162,301
GAZP,5,1163,302
GAZP,5,1164,302
GAZP,5,1165,303
GAZP,5,1166,303
GAZP,5,1167,304
GAZP,5,1168,304
GAZP,5,1169,305
GAZP,5,1170,305
GAZP,5,1171,306
GAZP,5,1172,306
GAZP,5,1173,307
GAZP,5,1174,307
GAZP,5,1175,308
GAZP,5,1176,308
GAZP,5,1177,308
GAZP,5,1178,309
GAZP,5,1179,309
GAZP,5,1180,310
GAZP,5,1181,310
GAZP,5,1182,311
GAZP,5,1183,311
GAZP,5,1184,312
GAZP,5,1185,312
GAZP,5,1186,313
GAZP,5,1187,313
GAZP,5,1188,313
GAZP,5,1189,314
GAZP,5,1190,315
GAZP,5,1191,316
GAZP,5,1192,317
GAZP,5,1193,317
GAZP,5,1194,317
GAZP,5,1195,318
GAZP,5,1196,318
GAZP,5,1197,318
GAZP,5,1198,319
GAZP,5,1199,320
GAZP,5,1200,320
GAZP,5,1201,320
GAZP,5,1202,321
GAZP,5,1203,322
GAZP,5,1204,322
GAZP,5,1205,322
GAZP,5,1206,323
GAZP,5,1207,323
GAZP,5,1208,323
GAZP,5,1209,324
GAZP,5,1210,324
GAZP,5,1211,325
GAZP,5,1212,325
GAZP,5,1213,325
GAZP,5,1214,326
GAZP,5,1215,326
GAZP,5,1216,326
GAZP,5,1217,327
GAZP,5,1218,327
GAZP,5,1219,328
GAZP,5,1220,328
GAZP,5,1221,328
GAZP,5,1222,329
GAZP,5,1223,329
GAZP,5,1224,329
GAZP,5,1225,330
GAZP,5,1226,331
GAZP,5,1227,331
GAZP,5,1228,331
GAZP,5,1229,332
GAZP,5,1230,332
GAZP,5,1231,332
GAZP,5,1232,333
GAZP,5,1233,333
GAZP,5,1234,333
GAZP,5,1235,334
GAZP,5,1236,334
GAZP,5,1237,334
GAZP,5,1238,335
GAZP,5,1239,335
GAZP,5,1240,335
GAZP,5,1241,336
GAZP,5,1242,336
GAZP,5,1243,336
GAZP,5,1244,337
GAZP,5,1245,337
GAZP,5,1246,337
GAZP,5,1247,338
GAZP,5,1248,338
GAZP,5,1249,338
GAZP,5,1250,339
GAZP,5,1251,339
GAZP,5,1252,339
GAZP,5,1253,340
GAZP,5,1254,341
GAZP,5,1255,341
GAZP,5,1256,342
GAZP,5,1257,342
GAZP,5,1258,342
GAZP,5,1259,343
GAZP,5,1260,343
GAZP,5,1261,343
GAZP,5,1262,344
GAZP,5,1263,344
GAZP,5,1264,344
GAZP,5,1265,345
GAZP,5,1266,345
GAZP,5,1267,345
GAZP,5,1268,346
GAZP,5,1269,347
GAZP,5,1270,348
GAZP,5,1271,348
GAZP,5,1272,349
GAZP,5,1273,349
GAZP,5,1274,349
GAZP,5,1275,350
GAZP,5,1276,351
GAZP,5,1277,351
GAZP,5,1278,351
GAZP,5,1279,352
GAZP,5,1280,353
GAZP,5,1281,353
GAZP,5,1282,353
GAZP,5,1283,354
GAZP,5,1284,354
GAZP,5,1285,354
GAZP,5,1286,355
GAZP,5,1287,355
GAZP,5,1288,355
GAZP,5,1289,356
GAZP,5,1290,356
GAZP,5,1291,356
GAZP,5,1292,357
GAZP,5,1293,357
GAZP,5,1294,357
GAZP,5,1295,358
GAZP,5,1296,358
GAZP,5,1297,359
GAZP,5,1298,360
GAZP,5,1299,360
GAZP,5,1300,360
GAZP,5,1301,361
GAZP,5,1302,361
GAZP,5,1303,361
GAZP,5,1304,362
GAZP,5,1305,362
GAZP,5,1306,363
GAZP,5,1307,363
GAZP,5,1308,363
GAZP,5,1309,364
GAZP,5,1310,364
GAZP,5,1311,364
GAZP,5,1312,365
GAZP,5,1313,365
GAZP,5,1314,365
GAZP,5,1315,366
GAZP,5,1316,366
GAZP,5,1317,366
GAZP,5,1318,367
GAZP,5,1319,367
GAZP,5,1320,367
GAZP,5,1321,368
GAZP,5,1322,369
GAZP,5,1323,369
GAZP,5,1324,369
GAZP,5,1325,370
GAZP,5,1326,370
GAZP,5,1327,370
GAZP,5,1328,371
GAZP,5,1329,372
GAZP,5,1330,373
GAZP,5,1331,373
GAZP,5,1332,373
GAZP,5,1333,374
GAZP,5,1334,374
GAZP,5,1335,375
GAZP,5,1336,375
GAZP,5,1337,375
GAZP,5,1338,376
GAZP,5,1339,376
GAZP,5,1340,376
GAZP,5,1341,377
GAZP,5,1342,377
GAZP,5,1343,378
GAZP,5,1344,379
GAZP,5,1345,379
GAZP,5,1346,380
GAZP,5,1347,380
GAZP,5,1348,380
GAZP,5,1349,381
GAZP,5,1350,381
GAZP,5,1351,381
GAZP,5,1352,382
GAZP,5,1353,383
GAZP,5,1354,383
GAZP,5,1355,383
GAZP,5,1356,384
GAZP,5,1357,384
GAZP,5,1358,384
GAZP,5,1359,385
GAZP,5,1360,385
GAZP,5,1361,385
GAZP,5,1362,386
GAZP,5,1363,386
GAZP,5,1364,386
GAZP,5,1365,387
GAZP,5,1366,387
GAZP,5,1367,388
GAZP,5,1368,388
GAZP,5,1369,388
GAZP,5,1370,389
GAZP,5,1371,389
GAZP,5,1372,389
GAZP,5,1373,390
GAZP,5,1374,390
GAZP,5,1375,390
GAZP,5,1376,391
GAZP,5,1377,392
GAZP,5,1378,392
GAZP,5,1379,393
GAZP,5,1380,393
GAZP,5,1381,393
GAZP,5,1382,394
GAZP,5,1383,394
GAZP,5,1384,394
GAZP,5,1385,395
GAZP,5,1386,395
GAZP,5,1387,395
GAZP,5,1388,396
GAZP,5,1389,396
GAZP,5,1390,396
GAZP,5,1391,397
GAZP,5,1392,397
GAZP,5,1393,397
GAZP,5,1394,398
GAZP,5,1395,398
GAZP,5,1396,398
GAZP,5,1397,399
GAZP,5,1398,399
GAZP,5,1399,399
GAZP,5,1400,400
GAZP,5,1401,400
GAZP,5,1402,400
